-- phpMyAdmin SQL Dump
-- version 5.1.3
-- https://www.phpmyadmin.net/
--
-- Host: 127.0.0.1
-- Generation Time: Jun 05, 2022 at 01:38 PM
-- Server version: 10.4.24-MariaDB
-- PHP Version: 7.4.29

SET SQL_MODE = "NO_AUTO_VALUE_ON_ZERO";
START TRANSACTION;
SET time_zone = "+00:00";


/*!40101 SET @OLD_CHARACTER_SET_CLIENT=@@CHARACTER_SET_CLIENT */;
/*!40101 SET @OLD_CHARACTER_SET_RESULTS=@@CHARACTER_SET_RESULTS */;
/*!40101 SET @OLD_COLLATION_CONNECTION=@@COLLATION_CONNECTION */;
/*!40101 SET NAMES utf8mb4 */;

--
-- Database: `sparten`
--

-- --------------------------------------------------------

--
-- Table structure for table `adminlogin`
--

CREATE TABLE `adminlogin` (
  `adminId` int(11) NOT NULL,
  `adminName` varchar(255) NOT NULL,
  `adminDateOfBirth` varchar(255) NOT NULL,
  `adminEmail` varchar(255) NOT NULL,
  `adminPassword` varchar(255) NOT NULL,
  `repeatAdminPassword` varchar(255) NOT NULL
) ENGINE=InnoDB DEFAULT CHARSET=utf8mb4;

--
-- Dumping data for table `adminlogin`
--

INSERT INTO `adminlogin` (`adminId`, `adminName`, `adminDateOfBirth`, `adminEmail`, `adminPassword`, `repeatAdminPassword`) VALUES
(1, 'admin', '23/06/2001', 'dattaharik61@gmail.com', '$2y$10$iRCWvzC21mGXGLSj5aX7XucXcmT95zEhV9FFGJPYpuoEIQK5ii9uG', '$2y$10$RQF4KaD1.N8epCKhWCRp6eRsuzrkoAzPAGj8NYzj/7pL42dkcTDVu'),
(2, 'sunil', '20-06-2001', 'sunil@gmail.com', '$2y$10$FUCMFyW71rwYCYYWGY3rqebkNohE1FwEds3fii2.kABTKthJJeYke', '$2y$10$JHvK.u8SRdDCwzk7DschI.JS8Jf8Enkk/ID1k5w68GR8In1irvP.6'),
(3, 'golubhai', '25/10/2001', 'abc@gmail.com', '$2y$10$F9ppqq2jkI8MX6WlxCKcfOdfg28SQYa5vUcQ7fenwDcfvR3Nka7LW', '$2y$10$jztlo9v8tcPrUoh06HCxLeWiASEy3fp2/b50agBTChXFJersGiTCW'),
(4, 'golubhai', '25/10/2001', 'ovhalpruthviraj@gmail.com', '$2y$10$vYoAoTeFZnLzkse9WbnKVe5J6hhD7cT/VFsaeEuYnWrtghw/.l.xy', '$2y$10$0eIge6ckA3CR47Ls9XgM6eBLDw/BqlkNLSEHr2Id686FHJnXMyuLe'),
(5, 'golubhai1', '01/01/2001', 'pruthviraj3@gmail.com', '$2y$10$vdKhGqYtvZnW3DBE1BUshe7rIuyTCUeg162c89CHXDXT2JONxzkvC', '$2y$10$UkNuuxleHgMZyPMORwVzDO1Ars.ryo3SAd/5tgmepqPa6JuGtKHyS'),
(6, 'golubhai2', '25/10/2001', 'pruthvirajovhal3@gmail.com', '$2y$10$YdJSEZ0Ha2W/3dw9qrF/cOw/XQu6amnhbQujnkIpaiVm4wTeDX6T6', '$2y$10$l.xnQHVsQSzE/azP5KFM7uX9hwQyip1rsFN1Ue0ldCPYc0.h0rVqO'),
(7, 'sunil', '01/01/2001', 'sunilpotre@gmail.com', '$2y$10$lOqO2sSCLirydQ81uNp7UujkK3.8HEX1Dcb6I0.m4QSwzw9YCgX/W', '$2y$10$YrFWvizOtSxSQh2DUH3dr.r2lT6wQTEdK7crSDScB8dFTuVF.m3Mm');

-- --------------------------------------------------------

--
-- Table structure for table `cart`
--

CREATE TABLE `cart` (
  `cartProductId` int(11) NOT NULL,
  `userId` int(11) NOT NULL,
  `productId` int(11) NOT NULL,
  `productQuantity` int(11) NOT NULL
) ENGINE=InnoDB DEFAULT CHARSET=utf8mb4;

--
-- Dumping data for table `cart`
--

INSERT INTO `cart` (`cartProductId`, `userId`, `productId`, `productQuantity`) VALUES
(33, 7, 20, 2);

-- --------------------------------------------------------

--
-- Table structure for table `messages`
--

CREATE TABLE `messages` (
  `messageId` int(11) NOT NULL,
  `senderName` varchar(255) NOT NULL,
  `senderEmail` varchar(255) NOT NULL,
  `senderMessage` varchar(255) NOT NULL
) ENGINE=InnoDB DEFAULT CHARSET=utf8mb4;

--
-- Dumping data for table `messages`
--

INSERT INTO `messages` (`messageId`, `senderName`, `senderEmail`, `senderMessage`) VALUES
(16, 'pruthviraj', 'ovhalpruthvira@gmail.com', 'hello');

-- --------------------------------------------------------

--
-- Table structure for table `order`
--

CREATE TABLE `order` (
  `orderId` int(11) NOT NULL,
  `userId` int(11) NOT NULL,
  `address` varchar(255) NOT NULL,
  `phoneNumber` varchar(255) NOT NULL,
  `pincode` varchar(255) NOT NULL,
  `state` varchar(255) NOT NULL,
  `city` varchar(255) NOT NULL,
  `paymentType` varchar(255) NOT NULL,
  `totalProductPrice` float NOT NULL,
  `paymentStatus` varchar(255) NOT NULL,
  `orderStatus` varchar(255) NOT NULL,
  `addedOn` datetime NOT NULL
) ENGINE=InnoDB DEFAULT CHARSET=utf8mb4;

--
-- Dumping data for table `order`
--

INSERT INTO `order` (`orderId`, `userId`, `address`, `phoneNumber`, `pincode`, `state`, `city`, `paymentType`, `totalProductPrice`, `paymentStatus`, `orderStatus`, `addedOn`) VALUES
(7, 6, '12124235', '7643244', '12456', 'maharashtra', 'nanded', 'COD', 1000, 'Completed', 'Completed', '2022-05-28 02:26:54'),
(8, 7, 'raj corner', '7507993833', '431605', 'maharashtra', 'nanded', 'COD', 798, 'Completed', 'Completed', '2022-06-03 11:32:25'),
(9, 7, 'raj corner', '7507993833', '431605', 'maharashtra', 'nanded', 'COD', 2196, 'pending', 'pending', '2022-06-03 09:19:22'),
(10, 7, 'raj corner', '7507993833', '431605', 'maharashtra', 'nanded', 'UPI', 2196, 'pending', 'pending', '2022-06-03 09:32:02'),
(11, 7, '12124235', '7507993833', '431605', 'maharashtra', 'nanded', 'COD', 2196, 'pending', 'pending', '2022-06-03 09:35:16'),
(12, 7, 'raj corner', '7507993833', '431605', 'maharashtra', 'nanded', 'COD', 2196, 'Completed', 'Completed', '2022-06-03 09:39:17'),
(13, 7, 'raj corner', '7507993833', '431605', 'maharashtra', 'nanded', 'UPI', 2495, 'Completed', 'Completed', '2022-06-03 09:41:15');

-- --------------------------------------------------------

--
-- Table structure for table `orderdetails`
--

CREATE TABLE `orderdetails` (
  `orderDetailsId` int(11) NOT NULL,
  `orderId` int(11) NOT NULL,
  `productId` int(11) NOT NULL,
  `productQuantity` int(11) NOT NULL,
  `totalPrice` float NOT NULL
) ENGINE=InnoDB DEFAULT CHARSET=utf8mb4;

--
-- Dumping data for table `orderdetails`
--

INSERT INTO `orderdetails` (`orderDetailsId`, `orderId`, `productId`, `productQuantity`, `totalPrice`) VALUES
(7, 5, 4, 1, 5000),
(8, 5, 7, 1, 1000),
(11, 7, 1, 1, 1000),
(12, 8, 1, 2, 798),
(13, 9, 1, 3, 1197),
(14, 9, 7, 1, 999),
(15, 10, 1, 3, 1197),
(16, 10, 7, 1, 999),
(17, 11, 1, 3, 1197),
(18, 11, 7, 1, 999),
(21, 13, 1, 3, 1197),
(22, 13, 7, 1, 999);

-- --------------------------------------------------------

--
-- Table structure for table `products`
--

CREATE TABLE `products` (
  `productId` int(11) NOT NULL,
  `productName` varchar(255) NOT NULL,
  `productBrand` varchar(255) NOT NULL,
  `productCurrentPrice` int(11) NOT NULL,
  `productLastPrice` int(11) NOT NULL,
  `productImage` longblob NOT NULL,
  `productRating` int(11) NOT NULL
) ENGINE=InnoDB DEFAULT CHARSET=utf8mb4;

--
-- Dumping data for table `products`
--

INSERT INTO `products` (`productId`, `productName`, `productBrand`, `productCurrentPrice`, `productLastPrice`, `productImage`, `productRating`) VALUES
(1, 'Sports & Fitness Ball Bearing Foam Handle ', 'Proactive', 399, 199, 0x52494646fa2500005745425056503820ee25000070ad009d012a2801a0013e9d489d4b29262422a8359a292013894ddf8f92f00c3cde0f87cd5dd5dc73d17f78f486e43ecbfdd1e42f8e2b2b7967a27ce37f95ffa5ec7ff42ffd6f710fd52ff8dfdbbd6abd62feeb7a97feabfe6bf727ded3d317fa7f50dff15fea3ad33d0b3f6e7d3a7d9e3f747d257ffc7679f493f593fd77f66f581e147e2ffb77f7aebb4f956db37dfec1b52cf987e10fe1ff80f6cdfce77dff2fb508fcbffad6f15801faf1e899f33fafdeaefd8eff8dee01faddff3fca93c22ff1dfe9bf6c7e007f96ff80fda0f788ff23f703d1ffecdfec3a747d9ffa2efee017c12dece22fda7206d0cbd7a296cd1c5422ea94f429edfa23a2a7786c4ef42e989aee0dbd93e875c733adf3179941b507b7690bb4b88f977daa5c5fdca667786c4557a51b8ccab66f193c59234da0ebdee0527799be127267166af1785b6361d5f8b3577ce2effd1bdce1e48441c0595130e27b5856f4263427b7b37226a5ca154791d4028238cc7cf09141ccf969fc5e49d451646b5b6f1bb180f2052da95180eb3a752ebd4175dd2c4ee21cb839480d1f0d572793f1858b64ecc64389289f7c1a8ccd6bff26ee89b2b86a748f578af09e1883edd6fba259ff535c2e4f13796b5b4d24e03c418365dc461894b336fca2fe29d0a21bedd625b6c4281c5f52f90cf945e0728b55323f17f29c80fa6bbb6821fedac94e893f9617fb7520a494b0e2d06b8f547737e02d8df21b63b20d8f08b09ef4d1e4694480d64bce6a57782d826f8fc77da92bcf969f85b2b29dff198365d8a50dd1ae90175fc4518075e65aec9c8459ca49298a3b579041ba4abf8e3f1de0592e1956350b128db9588256ee4041cd3611ec8e89a3231e2eb7f07f1cfe25beee7c317102574379446c5552993fc8c660d29c964ec7ed977011bb128c0c7117147d554183de9385637c5d8ba8977406089d9c1c2b8afa4a8e7db0eaaaf0b35ada9794a8da7ff1b00edb582e5b1e89f1276f23e681b8e579f88f786c0f1498aeca7749c53ebb28ef0fe36cff21d7047cfc63d54ea6d7a04256beb59225caf97662690e62c27d1089f54944cfd90db7d225834d80c98e80f9a4c4999aa2157cf7d3e30d807990221d75ad0b3e1b8212c9630cb0c2ed3d3e0aa1164be4b940e296e9fba2611cdb79afc8f5a9236b589b317b2fc76d4d7ea2c49e2a25e81fb1b63887b232852d6f823f3872d7be9d16b0eb6236972d5c2f59eaf88acd13d73e0fb4da87cf85f435108c79754cfb5dc950c659ff53561a9b53d1d92b97c735762090941053943ac1d617efff9db137d593e8659f0e956bf11759e2c107cd4a02b1015878c14fd15cf3faefd6f01d8e39695515c88c66ce93acc52d699a90f03087a3f001cab36cdec8e72b5d35bd3807fb1b03b83a411680a0671c089be441a8adba669de1aed74ed10b7d9e6e7677ba42d78ef2f89150414f6682066bdcfb5ec662b083177825071efd4889dc176d9a6dedbf4c69d3b7892f3a31e8a98d419d8fa77de259c28491d057f446192d666988fbe00e3a5e0741957caaf1def7acaf2a3d6ad106eb4d7cda55d2f4cc7ce7ecc05c71bdf440bd215dc1f5e72c2c56fd31ff58f51d8bb7352cacb17dda6aa79a4b4951b35bab75546c07c7899de250ac06306dd5c3944dd7cf0be81d12326bd3b02d4fb2d148fccd314dd35b1f6ec75cc412b40a32e671dc3d08a903b353c9f90db4800e51223b63e65c33f834664efb70c23fb93e9935e96233738c16a37831bea2098f916b90c4f4fcd2c84b0099fb3c6b016d03e0bfb6e35bdae27cc68c8592561aabc3f18088277c76db186be3ab0ce9a506df8f0e4c8f50e5ba9252af9b8604153ecbfa11e9e2b6be48e8313d240387da3ebd990d885620825bdf38fd9a3a445a0d23e2aa17c91d153bc362750ce782ade07671b42aaa2c4ef923a2a767f4159a9dbc9247e137cb7e0089b10d300000fefdd1296534bd249306e78751ff3caac8daae40ebd4b3cc07570b200266371ffede5225f38b5fa4359b5e26ffba19cffd9a07fc24c1b9b2173bd2b559972ac4ba5ffee15952d5c9c23db0346e1ec4722e7085ecc3853b07515ed7518f1c4dc205fc9b7334150b7b1b6b2c87b7292d70818ed2717ba555f8a773f5612299d8d9f083cf1b94c5b95da80d23934aa2daa45452d22264a0c59cbc6b9fa25db11db99ecaba872175d6296241a25a1acbf856946869eaed7c0b25a0df1ad9303e89cd87c44d872af95107a021273c58441c826d0cec0de35757f248e68868519eda0d65d3e970f3136a4f0c72db9799da0798cc8562aa84bffdd15d6b580c21f4dd9a551ddcc0dda2ed3257c13c207892d9cb088f76fca9b3879c0255b1b2b951436a7987da5e57da788c7d441acea678bd2586bac74614b79639490de9107ef66a6a9a3bf409e1e1fab7dbf064971d56fee99dc46eaab056e8f52b6a90c666496a7f5059023c2c67ee71f310954f39fa2d3a23f6b01172a022d33ccb84b472ca2ed2ecfb14c33c88d6e62d15a90a4d65d04f45d909eaffb9027215d5b526d58641623fb5659094246c32491faa0a42f4df3bb7ef4934665761032d02d07316cdca15f76e465458ff1c67472c802cbc3dfdd9258e94facc54e628bf1fe942e8029141692d1236b86812ecd9fc8071a8a07e16187be53bb60150d7041ddc469f9cca1ae8047b2e64c972128d2fe514ed9500921ef2a42d58d6c542a71be988bbcf0d2cd062e2ff2374e28e8698ec802dad1d548a1b72addd03ba7dacbc588a08953cc36c15a0229f46f60007844d479eb0b351307cb61b38dc34f93fdcce198518aa4c3ad54ea85c3cf47b8c3ed85ee61214f1bf1f3f7575d03ccee5047318f680a22a66b2960e23fa7c88bfea296236c222caed16f3e9915355939f323ad9aacd74580fba60b585542f76626d25279ce7af66ef7057961e680288c020d93a43bd8ef3091b2e36ac482b874bfc2d0030335fa64b40e92dcd4ae0af4c15e54dec0db76c4150f553e68d89a304e5a1b0eed896660adf49fd441bd2a1e578314a6161a0e165a945ae46951fbb02cf653fd3f0f0d62a2890e29bc5c56b6e604a12343fd09ef67ae88006ac9d694c827951a859042697c3af5e328526cf1f9dbb98294cef7e0b003199d16223a644e53b66b54398119ab619891724bc02f05b2bf3b1511746f629a5af10cf40bd64c51f7f3323177d4138163bb6c3b4e621ab819bd4b03ba137215c5555836bd9f1312a7672d12c6665dfe05c305ce98c2685fbbda3fc8ae6c3e592157a13c84e57982afaa94ffc71819046efb518d1c31ebddfe50d3d928634b5651c1a813ca0aad9369e725c82e4b286d432207fa8768afb5eed77439ec66675904eed11b7dd8b52cb3f720f68cbd17bd8cdb09890215705c60d04f6b75d3516007228270614007c3c204e1687fc8de17c478f7f27f3d013ebd3697b2a9edf162ad126cbaaa58ce33dceecad2c32d3b5f93a34da850f2b34987c83c5e479d8f2582900016fc00068af4714bf3e4d31e917dd4c1710bae3cb3592b09ecbc825e62b35f827b02a801276fb5367b99e977e7df0c09a876def008ee9e2381aeda199578de3285a672ee8c4448ccb3b798a7b2e59aae875ef60a8b5da72b0679a31c0b880bc1f9a4c5a9bc4d8b032df351271ef524b6262481da789b474f5d2ddaefe310187334910b0f70b7b21487d3de6ec29bf22b5557bbc3b5549e3b8cdb55b52eff554c5b09068e438fbd6d1f68be49714bfd90d49a85b7ac92ddd1f62812f7e4fa480bd1cbb1227348206d27cee10b0278c81f1ef2951ebcec68b9cb049cc2f4c420617464adde70d7b975c8c05f170b6b65775d78767f51b1f37581fe80f358edda0ccdc4f94e2fc9a338a4daeba45e2893e12e6027c483b50baada74e13f1a4f777a1712180787af4d7fd50ba7101060c35dd7fe34a117c3c34d45bd7125987fcb062b3f6dbc463262298dd644375b597f74a5bceab1fa25fdf29cbaca2333c016ab0a998de4473e1516082874288748cb94d3b174db3f5821d3b7f3732ee82483231296e8b727f28931ab2e46aa0d64cd99011b66251e27b28571d0319b65b36c2e53ebb8dd3dffa10bc5edd1389022af5bcd7aea8d1da8969c0ed82c242969c0ed38a0ee0dd2f7d01fe3eadeb17473ae703bcaa1ec3066764ea61a3b548686e7974fce10e31c774189013fc446bd95648e37c6937054857d21bcff89a00c40a04ef071cbf8af870b800f39558d099db866785bb74ebdd068177193a0b7067d7061e3c9baa42de45a67cae69a1f8e01e274da512e5929dec45b3d6317835dd3fbea70c34798b884da45115057b2a5c016f6c9cf013eac3f12db4e3ec0f05c871b563cadd779581e9f45dbf80ed47c80caf735b214ee5adfca01132cb0936eda2bda7f09d8112683d60b98d925e4d2c7fe6e2c51875fba5aee0a70623cc1dab5f36f54131b8bf39e91489eb56a6880de5797290fd6642af08b716eee7457fe747285a2bcf00d0bfef8bc7aaf823a00d13be243b45e0d31268f461637f0bf2bbceae324c80dc1a6a99476f4d1f63da99579d8ca5863075b2786fa954c56361c153f4f0d6b3aba365f7020487364b5b3855c8821f7ea552daf5b7b0eda87e31ec93560b8e151bf2ad1c7d2732d58ea88f1fbdb1fcc53a78c3dab26477930877fdfa7a6de32efb389b9e4ee0a657d5454ce8ca497a5da6f283ceae9f2002e5c756ca47ef327b209a56888f1cd86316b701ebf378359b4c51904a5582841b3ba6bac16b2db7ad1725ac9b187f89a875449664832e40bdc6fc59617d3f188a36dc3e6764e4da7e631da65992ffc16c550eec107bd2bd459b552a80de20da7d3fb0beaecb30cd0dc36c4ac1f82b7b3a1512091c7f70cffcb81d5dd1bdb9e0735b3b9d05bab1a60162e3b6fbdab55275e6dd7f6b369ae245214c044e4226126c89d35c503a19c51271d89abbac94945e46152891374aaeba20e702e74866e5103b9740cbdb6895a09daa1f327696bfc921e58ab2b38fd884bf3edc54ecd5d1cf2bb520a911ef07d8cb558269a71f834f4f544da421ef40333aa903a55e2f4249b1f60923633193045d665b137aeb7551c5440a1297f7a6f43baad703e265fc5981b91f9fa15b50bdf6f1b3f081611f4b649579e7fff4fb3188b083aeebd3917e27affca45ddf62fce04d2f90dcad6e48cb10cfec0b98062cd9d62030f49f8fca83f8e6e14b0bf97d7da10299babc1381a41a28a61293a82dd304c2632b502f57d265b2e070649f8e9922148b7b346ffbad1361a950d59f7120c27dc279f7cafc3f725c157c8e6a0c2d399e2f8d95ba984ef6f2ec4054f497aef1a34982100917384d0a5d646038279ba45b0d8b75d8d015ab0e0f316a2fdb3116650c1ec51a8037d05aa63bbb457259b604e15846050e9ecb12f487d37f5fd0277c5578b97c99b461ca053b38373f34916ad5a130c56d68ad150d11a5285d7a18aa00b9b3105de1bc2376c8d09ac08de8e1717163998d3647f5e2aa00eea6c0629b5713cc4d4c9d4503901e2a353ce5fc9d5a8d5b63d2e688a598df97b8ed7a9c83d50ae33effc21e5efbb29ba4e918677f0e2a9be210d5b6c783fc469ec31afd8efb15f54777de5ba29983eb125d03574546e6ef94b935b30ff45f13903d644b000b1667216a471ab2a40e3ce3a6d6b16a8ea31b65b8a5855a62e1e73ac6349086209df237b6dce63fb8d1f8650c3aff74d773fb2d97a31b01fc5bec3dab6e87973eff84fb7a3d5d3ed302ec1e089716e0939959f3ae63ef9223f50e28a4eba2df29ffbb4168257a497d482a56ac46f3f0c86f75b62bca563240c971f481e8a7d039504b87ec68ddbfd09e325ee69883981ab0150ab3a59411561eb8f56c22b37467ba5facc2abb6be7ee7d2c6ef0b6eb1a5cd889527a19817af7d2391ed713a5bbcb0e39fc66bce542e20da2ecb337e84206e3074ea6e1ea5503186e9038f48e8d406d7fe5ab411d9ef9d2e62baff5cafc6c4dc42536a9a62b4e714aeb0f4c58ba3e010e7cacf87218b2eb51e277b8a6a913052a6967b67ae086d554610fb88e12564cc9a2a41d41e7ecbff8ceb11ac7d7074eaefe3df4099258059fda6743504e716c29a786dbf14ccc91900a322d948c115e4c63c0cb746d378bfed747dcd3ec3027f07c72a5a0b98920c2949a8d3dc5a3879ad104055fa66487e9213411e38228bda8c1b58414477e7baa8a54dab06fa91ea86666f99ae7f3f7b6953a2204d1b1f3e8720d16ae7f2da7c77c298c793ee2d81fc25d48404f0f2ccdcb4c48060af38687885b0369bd4514ed59efa0b7f6932f18a1d4ee363260078fe05429675821a8d117e0eff5f45abca19807854a0db2af116afe72731d954dde54dd72c39aad82af1aba19e8807dd0065651c3b49f46b42ad80ca192d1dd5f73c7ec9c28cbce64b8a911e067a93e13bd3de36e6ca0b497ff712bec513d7db7cddb9e7bff876e29f1a0e7e01350ccebbf435b51047adfa7ff4d98d9cfcb3de8258c6436f7c457e82207e5c9b373b2f8cfe3698db73395481e562d7fde17a310a274aa0147b15390ba5e6a129222d55de030f95e52287a156bbd25e7b39c38bcc270a6e3fa816145deac7b3e18d585437a83c0d73c126772d6f47b437bd631a8f044b62b2dce75015c6b068908a536e8e55c68c0a823a876c7155828ed4f23a60db5d52e73eb9b833bd89fa33ad806a19ca7bdd75a97ab33b4aae968ea53e9205de7b2eb40baed32277104ca7e27e5bf27fbfd315bcee1d0daacf8d3f9422eeffe9dcbb83f6739176d737f77a702b28d38aaef2e5c1a7f86cbf96df6ee5ae0136eca8b0ef08ed080ff155744ddfb0e2f86bc9765c0e38b73ef458676a892a3427d21deae3bad7bb4b145c978518962fc236f3fe193b36fc29cbacd7c1df8da17803bc0bb1af6f08b18d264547ec0045ee80fb345321497069c2703e0a7591e1ebbcccfa3fd873208d40a63307022a07c04ebf08691543cb790ec0a5c7058d519e1f8c7a2bfe6a69e91413e2369f3d1232780cb3ffc12863b8cfa4a97ea00f400a6c7ba81598c1fc4af945a78e9d8609675fe2d3fb9a6d03abfa4e27f319ec08e546331ab1c6670b8468e2fe3d178b03ef77c2a977756de6d2f586a69aa2b6f43e53f2156bdb51e158cece6dba0014733707197de2e2addf674f65b2a7a09d0f3dde18c839fcaa25072fc6695fcdd81a255845090eb4b1a978ab39df6e0b7aa215642e2d370309218f380588ce6add11407f9298a049725dc1c408904dbd48c9759f70e539fa22da7f92b5396ee61caa9c4384c5c1e566eb950c0166e9a568ddc03869683a2ceacfab22b25672322d26634f584bbdb63773db7f41ff6eb2b06a3477afa49751d64dbf2c2632d50a86103bac6612500e3387789c2731de65c47e12ee0969daad9ea0f3e2f64e47b8ebe21c4bbe922a13a536b341cc4a90cc4fc46d6b04366e861c8c7f7f878541bc9e385d7393f0995ce345cde081aea18d50921161085288896e19fecd66373b0a1d3e868f5ff0412fdea599eab5f38b1032e470a008ec64160509d0d0bde74313832141045f38dec105bcb13d21897dd798c24f9196106d97d20a6c3ca4db79c136815f3fcea4a5f4143ec69b866f7a923ca9d24585c4c06e3c73a99f7c66e2c861cb952067e425e75256a0c01581ef835ad6a7b960812d2bf0057174cb61b02bc3e906b8e275a603ca9bd1774787a5c07e29b843f9d7561edb9e9b74f4b0c95e65815ce554261d196cccb9f0f33bc418b76e3f4cfc4b2dd7bad9d224d201210d66036150a56b9bbbb2afbfea85353d2683983ede9b303ab2b41eb89f9106b032b803bb9781eaed06d34cc8dd1c25951be6288aa1e43eda096b5716a8936f6b50cd16c3cf20e9541744fe8807e1bc681d8cf636bc5a5073b8767c35d780a0567471ea541faa3e111dc74c9aa543dc4362eb3d20da943492f70961af7a0b44e99757bcbb95fd7b928551645edb4f69fe17ef31fc50525bc9a8cd9c9e9d06f4fcc27f553a6520f9f455ff0655ebfe94e6cf3113c86da7df82f0a8a2ae310723ff18a4da993a764f54a33f2d485311b279042f79ee37fd32f8e87ca4693324fa2467cbb7c875196f2b1cf9080e9ea331cdf337ab49110f518b9fe25b43f77288cce7ddfdbf49232b7cff4db8247e673f1320faa6975f3d2cd44e51476ef2f8b69fc9907783705a6f5b7e5bad4644c87f60d0a95518a3b891a31507ad7692ba1ea8634494fa0e87838f0409add98888bd75c9ca28d3ac6d948a12add692657f3af32bce6ea857bd5508333d53fdea8a5b896422c184a25e9ebfe84b90cb0aeade2c7283829c6ac1f15ae0956de9b7d8ad69e706eb90f2432f26684e9ed80edd2e70b926e8b720d810f52db2ca23437e380830c5414e6e46c0204bc8dea4db306227940ecc1e5f3517490b82ff26639f1c5474d4341905c0ab9597afb410bf5fd84be696c63f0ff5a485ee3404265f2181966446b5ab4f65f1f8a05d830d429f22925d8e4da9975601815afc9c83c13871eb60f54d110876ba59c74b21e0a9cd1f68103abf3206b3bc4da4d69f71af3cdf1b4bce995bf36ab68850f5e278545a69acd80e6c4a0c29f2d7ce95df3bcf014f4a359fb69cac77edca1511656d4993e120c81ac8df6caf5bc4cbcf95c55b06aa3904dff9256b8710bac2b5147bc75ccd3e4c9fc8ac36d70bd1e9abf0bfd6573bdabacec5d171cf273cb00110001cf6298b0c3d10f7fde35411bb5b2339a82a19176c17b23abe03f6b3a168dc71fd03a43f8910605980bf37df98875137b840927f67098a125f5bf39612df6d8732f73437b1e575273db855dae4fa235c4911fcc2810a0860c4eeed16a066410a6900a992bd3563d186f6f7e900252db212dcb2ca249275748feddaecd7d8c329fc224fba258b7d47549184160850c9b89c052da48c0156cfc47f74ea852a7cfb75d086e1429848d3e2edd3c08367a94115b09e97a7fa3abfd14808ac7db1a3aedc337aae1ec8200a54088376f1606fe7215870c8fc56b825fc67314781ab8095ddcae49689b581ef3006c572e298f914a975c08e1eef104be03ad7db9e3e20eaef5b4d6c67ad3a98a6e01f4847ea3472d1b4fa16b88d82d193b4c80cb09a1f2c25929f053a94d9a44cdda76448a5e8253088d14f884e48403b279a93557be827f7662b9138e70a5e980d4600efff72acdd3666cf3a30c8f6fd4cdc4bfcdb5c315a8601a87207d822cb5fa9453c66995499efb445556dab9c02a03898fa410284f38ef6fc8cb493da47dde6c8265e0e5e3020cc8d7a74f7114b394242bb3f38be6a681cabe1963cd135a57814a58c73ec4d66dab455a0000b989271df3db72d4bb584df1f5d162ad93edcdcd3401ac5124615c3d37e16e20ef2a6dc8116ed8ba8effe7cc8e6d08055f8cd0bd0da2f1bb04ecfc17513a8e1b7ddeb352c321648c795c793ee95d66dc627d788055e13b8a842642c440fd08b2c13d1bfff61f4f586e4543b38bb7dab878b005d9ff16d7ab578e0ee6414813780911ae47958c0b8c3fd11e763424ef1020fc85a50b8a070b6aedff47f61221fdfeb1bed1c0f2f629bb15127dd4dc36a82efd00dac6c7669ee47fc2697cc7c8a9d0eb0c73ae5480dad4df19beacdbf69a39b8ee1e9cedc22308739d1ee0150923a7ac9e42ab1ce2ae1743e9c1d60c5bc6cd2133f325ddc6ac5b219c1473d58dd587ed5b1c3def6802ea2dd2f2aac3303877ee9c5edb133c7872c992b41569c84feff048f78be15da347b56a592031c6aaa40c39d843fcb0f409cb871c5f83ecf434da51641e408d88f316397339f927d7c2053b2fe246d35651edc5aceb3ba82831ac3da49dfa4407fe7cd597843eb6e66f166f0ebbed5c2cf4abdceb63243e4138977890588efc2c761efb8295735fa0b2050e76dfa9ef3c72da825864cc71b897991999ee7d3223ed415952acb3df20bf0195e0944300e2ce33238af124d0e7ca91f6508f9c04acc39a514e9a1727fbcee52387b6dd422815beff13b9e1db425b2c0d55955b45d2d92cf711638bea976a53578d219a8f8dcff836d66c46fd6803a02d09abf4e550cea01b628b49ff321df6b9f47182d15c7069d8ce57f1f8d5f4daffa657e50dd0508a05d5255e6978a6a09d87168a81cb6cb7faacc68714cda2a7d0ea8f5e5e0971c61cb645ec6ec407460644143d301e6b82dbb03ce86f37fc15aaa0c0f0cb078fd5c25ed029be15b7b53957001eb4f7bad24deb711ccba46e1e55f0e705ae71c1b2524a0ee028ee1b698ccb3247f58dd12513faaec9e150153dafa8b14b5db5eec0793d0fb2e0cdfd97225fb345bd48f88245312b0a7ba9a3a548a41807ef9c8f22257829f99748617bc6edda2acd90bc7304096792058c17dcf65ea39864cab45e88f585cd85ebf72b4bcb855f999eeab69ddda25759d71c49d7007df5b0220c1b8268f3fdf9a286504b6c1bb4799f792f02241269a2bb93ac48ff494721f633048be94a80deff1db2006e711cb4608729f1e87ea27b9b0acb2852eeb8094e4764008a88942f0e822bc8119f87516c6a756e7934c3e6025beb9d6e39e7da359295235596ab1d9154257a5acc952cfe73412a697128873283fdd62b1736ee4f35dfdd15a86c2179be2db37d2e7b90d8d20fe1faaa074a8e427b26b8f804a4ca5d92117dbb4f704e93341dcdf4effab76c6ff1287ae37816130c6d79a3b5ec0987b175f2249faf0b55d7af2cf6f17a192d9c68577f3e5d47f8db9f8a642f3bf5605a0ab56102f4b5a77aa8b702818a1c7301f6d4c0ab61818332e70d9e387ca78457285a1a8b7009c9a409b9a6ffd0d4a72092606d7ed31e6b677ea92ea0a02002fd4be78c8a73aff6e6861ad458b4e8c76cfd66ace5a2e90955a5c2b2f0c131a7d6d3e4f44f2c3fd58b3bbf7f2dbc6e9892c2972559834c122e46b64091494ea7028d3f4eade8cadb8396f7360a337343c4bc6ed8c44c51eba09a5a1eb89dc57822cfe209e2b709ead1e749c09f31071ca2a2da264216e969c5c7bbf5bedba542701ccdfb2533db8ee292cfd025bdc58ec4f8e297052e981064b91d141b7e91d48dbd78661636eaf3c3fabb5a7801221f18598578053816239cd58cfc9a0f222c62a2d2420f0368acb7e431ed3772e615809e443c7e5ae92ed5c5839f7cfb6b0e84cee0a3717f3ae1c9b6e3434503f46b93cc02fad5a38f324c9c95b2740f55cf32227cb6153f583e626e06ed0d62f53d3a2239e6de57427d93e4733b440ecbe9f88396961de48bbe6930a073eed7b95c8e14d0bf83e28092dd755ad6457b29d95fba3d52c736f181b71cbe2f8b86b90008d80b3250b7430ed79b92ff307c2fc9c75fead5370fded312b8223f55cc19244d6baa6f044237fb389ef98591f5cf67376737901793907584ddf4292c153fb962f30df8bdee5fc3b5a4221cb872d43ce57feae79d93b3164cd11efde8ec886930ab867f7bed4be634f80cc438b9deaf5bd1453abaf0a89b20cd0a0e1317bf6fa1dc41225d01677b707dfc021b78613a8d3798800423b54d97a5ce9305036b4c334c4e50924a5e0e6b02e9211fd8587c8ed100089edfab0ab23a59f15a24182840618f52d2760a9c4a8f15e0640944c82840567323f0b2533fa27a49312adca53abb8731b8282563862241d8c3f3fc9a4f939be688182a870af2fcfe0d3e5e8ee60e167ed71813a77016ef56012ea1075c50c508266f1b1103f993f5db2ad04036dccb6ea6b61079f8d6f1d0a3ff44f01095aaed63ad8b0ad067cbcc45df14ca722432bc4b0c71fd279d2bdfd1dbe26befa33300930699e09093cf78bbcf1734a06df4519a66c23b20f3f40b0d89d00d6c9db6e5b0d44bcf92f5126e254ed237dc392fd564d111e884eb358acf2e60a1c6249949853629859bb85bdfbdd31069a9d2d7b56a74acea09d7f4dd04ae625b5d7756721cd43a357cde658e2bf80f06f1b16d5ba8a4b62e6f3ecf9984751a2c3509277c3e1e2c354fc74f0fcc35b6cd7d8e53ff5ba090aab81d8374e682fa8dbaf2ae125a2e29add6af0067f116046d4f65114c5c45584cba37146f90d68f764ea96a74d0db60cf3363bca2cab0e536c21289e55b4fca7d69e4fc84e4b9c6ef675069f42f5f20e55929ddeafc09d08617f2714ad1d04f040e89c94c26ac42d5b829d445475bdeec80a36f539a00a4650ad62a73af015bdecf52c65442c465aa5663cbbe83ecb7240231b025aa8707cde3c9c895d0b9f798e4c99391a6c5b416d101ee3167c01291d38323c9b03cfce81efbb646b83bb682f5fcc2f10af3a2ec0d584f83e4d47bfa771f2bd35bc1326ecd9a60217c089be3f434a9c4af49f97286be8be20b50de2e3e42fcb5a14c043f4c534382ca1fc41e315a5ac6e9cdc0ac65fd0a4ac67d837f7ef36f8f5d6f3077246e3927991db1ad36bd8eac6302930795dc32c5836393aa3bb3ad90a0cb4674f4a828da1090b4cb067aec414e4f319123b574dd03205dc888a4d7539851eec08b5abc461b8f0b771c423f46a375903c851e54fa3dbd4a4cfc6d1d19aba44cf2fb7f8985723e56ca429988d1bc543c4d0db3030538d30cc199f0347973524dba6a55a5f340be1d33de2864cac9d33facef5ca24dadadcef794e6da651bb3b7744d22ef97cf79c8feb7a818a92125f2d1eed6bcaacc9d479ade62e4346e07581050aa42a30a14c86e73b16fc61eac8bfc4eccb78e8520eb0d3ae0891895e56c12f01328d419289018232c767d57f1a1c6473632610345b0fa09084c890ed6eeca755b6b2886fbfe140d775cd671d99437796c8d1a961bacd06cdb5c9c2cc3ecc391f53b65a8ddbcf00ca650eb21e58374a34c5bd06d644c3bc4f956182dc77368394c08806964eb1cbedb5bd207645a05b5fee8fcb1c37e613da0cdfe3a9824eacba0af8626a2c5ba6913f652373a542d72f90dc3336587656aa9966d98e7461f2d91f66a4e0355c402b7f57b76c2bd456bbfb57fb830bf4377df2bfa736eb4e665c02354eefd0b904725f055c2f9772f8624466f348f309cbfc4dac39daefbc75d00d6b5652ed64c2b59a4e59dee52347b8e394e600e8995a0b226a68f895a6aae270067edaa6de9d50bb15feb4c10ca33c12a291f0eb23c5e12c6cc52f4e2461f5b3292764a50e7cdaf9411b3d63550612f6a9eaa178dcd737e40d9732258d2fbad3de85afdc7450ea7b7670f5d084e9d239665e2cc756612aaa0f01f62b1daa9c00f1ef7792c761e362dfe441b767ee736b4f37fe1eb9e3dbd1072b3fd012a676e4b986587cf55bea69f77ad92e109abfa20b72749b316c6bd6b4a96bb3e564d399448b68a2204760767724ee9bf0a085d97634f83db15f950aee51af38d1c38a280d34b9f444a1c649dc87ddc8b74cb5468ddbac738103aa0ad05e160b686e38f5d6b29318eb6b4b30035a5af4b3267b5a40a3cd0c9e8fd60017342cf87691f45df301c9aac8ce905389dea6bc90517cdf0e07327ac06775c13c65eb3feba9bfbd5d435781daff7a91f4fb913143dc574930cf8058f9def167b05dde8693ead2fb2e345d6e0a33921a34c0e948e7fb4d57c10a7894c7c6bdd6db62857a278ef58000a0c5e72cf331f87f9246379158b265f8630414c6d8411bb2fecdb6f60030180ee1ca3e2354eedc5a0fa8d291f517ef30e6c88d16376e0731afbbd219bf26e7141dc551bc000000, 4),
(4, 'CLUB-08 Cricket Leather Ball  (Pack of 1, White)', 'CLUB', 299, 499, 0x52494646d61300005745425056503820ca130000f0db009d012aa001a0013e9d489a492926a3a22d97096120138969059f431d2869e2af3e4cd4fc97b394d798de843297722b100c6a4b85def0f5f768edb6055707b04081a2927576844af3de530fb8f1ce9dfb5056fbe54a9e5fafd7ebf5fafd7c0bb5eaeffd09cff7e1cbcdee7f15606c3c596d75bcdfce2dff5ada7baa75d4bb35ca05bcc5de0b163cd93f5fafd7e6f368fbddaffe9319c55167ee04ee3eee361aa25bdc19ce0a00775551b587b07c85daf177f9cfa4aa6331f468341a048edce5b2ec4283ed79a80c615a571c2be88e21a80d7b5ca346541d98094274e184a6261e2093adc602256a4da0940c5bc82f241e977629be310e1d726a0f8b96487f1e5bd92d0a03f56aa836997a38967bb09b80c4ff39d0eab281b72390110c34aae65688235f9692b8271a36d389be3d5fe1811a0c29aa39ab90f0933c3f33aff8a716189a42617643407649d273da949fcf704e39835e6f46e7c4ff2bffa758197512bd93bf519f109e8e5eba2951cc672ad32133b1eb5444212a0a9394850f9675712e12d32a117ab2861d1508ae193dd9d993f3c3e13530dc409ac913e4c68af94992bed0179828a2d0585bc5a43fbee13f7751f7624be461ec78dad7070c108ac46d49719c0047dee1348b386560329c1727466beda1d1f6b472f4408b99f4dc16d6193037ea8f64abc04692095775f930f9a41a94c41c026f3bd380e75d206a96ff682f3c8f36cfa4ccbcb90eb2526737616a232476354912982141ab7ed40017c066a58b9b0beea9216cd0906242ce3f3846d7197c34caa6d638bbc65db62e3f10f01ed0dbff76b6cee2c58d15b9b74ff9bd682124afadc7f34e5377cbf4fccc7c3a2696b00d3a0fd32e202eadbd24d2579302f491752e14c9345672c4977da28af54e359fd57a4696a3fd57ca09a9fd16195d3d92ede17b6bef1caddc3fdc1ca4ca1c583f8714fe09379641bb87d4dc9c69af30a78b8062ad9f63eb6cf8c0502d624dfec9ad7651e610660505bf58eafb6350cce79f39f8f850917ac84183bc751a22be541e182dc24728b60bc6f6ddfa786b62e3c03d59e1c76c1759ebbf5ae50f1227d998af307479710484591111ade38fea939ac34d1c84e8cd66c3be463fe877702b0cabe84ef769d8d14640f2eb49eb55a622b209334e7cd9db01bc85b4d4df0054e60a6456d30c4b10c40a54266b0b0a163e4b29a0f10bc9c8ffcb501ff2cd74bd6f76d2d2b027b8156f28f03dee9a1eb8bb62ac53ab9629ef3f5ecdf55aac450038ae4c2d2a2602993c0f288e01f5408d6e7dfcd02112fd59f42d8f2f47e27502e090b75543d31ff23852cb95e5aff578f48ecc3bbaab3ec06a5876bff2a46b8ba99ff02b0fc042268fc50e302bf1fde7f5a4845f412a63321240e841c1d2d14c1e8476218fe631cd47989cd92e7343827f43ef79f417a650c11fbce411587c3d9b6069098d0043d495b833c7848a60b89dc648224b29aafda86cc0d166543f17adb14bb1aa463f3e742e5ab31584cd08d87616ccd88465a419184a69e051a6a007ef72e2b0b06dbdb72db91ce640a7140b23b01566e20be7678e89470e1da5b411ec336e9ad330900a47c26e7d4a7c5235258b59cae83969775de4ddfa14fff7f7dc562146ca59d2ba333efa749ea560e8536d98cca21d411527985706f49b7d690829ec0e7369ccee9fb9b486cdb4b424b16b1b0a84294abf0e68d7ae37baf64bb114a1646567485478f154682df892f38d4c3f8b4a11e64b3cfc2f71ab11953ee1ea05ef272324dd7f3a756fb7c786cbb7f1aa9e91976129dbea075055891a50eb5ba1d8b041ddd1a2c217c27a68ee2f119977fc74ca128270d1b51d200f42b1707b02d9d2f7daef5972b14c8bac8bc8fccf01f981f39fe299d344dacfb564a858a986cc6b1ef245c6a820e40f361091b319afb5f4dd865dbf8639ab0caa6b76ff7d51ce40df836ce0e6e9ee66942162356d8dd738940aed96607092b6e244b4dd0230108da5a7453f7c959455d44dab5296be509a257b5b5b9fdf1ba38de5b00e54b63039c86bfc386c037492394ee3b5c8a926349824c69e5ca0fb396d754996a91e38e665b06b7906a2c9c4a92cd710b82ffc47dd13df8f44b33a9f38fd4064939d18e304b579adc1067f934195920e362381bde542fc202952960533065471e1b4939766e7bfae466061167d581d985ce0bdc9aa9bbcf0bf4e3eb93fb53a188b843ef41a76568a72017472681ed2efe21007c8e51c9e89cf99f2b917550511e8f6aef5474293f829b05eda4dd90afc75396b9ef8dd8cd1eea83e77af0970f08fa5c36be6a846d16f20c506877a5751024da4f7ffde16434e935149a0e3c609877acd312ab06ddf91327acb1177caf94872c53ce3d568fb973abaa9ae3941b9cb39b2c3834beb34797a3f55546b8acd86c361b38a7290e7769a923de8ab6769b7cbd276507159351e46be664c36e5e819055a79be6443a3d8c04e4ccf8000fef82f00245a76413b8ef7aab06a36d56e552965fd510d55a79abddc6c065535e44804283fe81ed6055982a0b39cdd8d0451e905ca6db7cb696c8bc7f7cd04bad87d7643adb5a7eb33e00d291c8235a471d8ba2d99fe26e8c4f6b1efed0557248a1568e1afa008d32b426048000aa45d8dc9bcb08605fb19b6bef3cbe573fb83cf478d308020f806cabe359ec6c26917371460d2512fca7f7d956aa23098456970b1c02bb0ae18f4a716012cd347017222043ef9f09868ae3c97f94c1d6dce64d1b9ad11913d994699c7b96c096f58293720bd63dc311e801ab2bfdb8f53a646aaf1bc1c96282e3bb3d28182244bcf2e5f4391ebf14cbd6e52b0e90dfca265fe660ceb4a80c088e40ec91041b2b8cc832a3222fe82312784cfb21f0c4d0af647e3f0f1c09f3dc3b1aaf7d6e7e324bf4947b05cb30d511351efec3b4e5f641aa36b8e83280090e6003c047596a0fc082565b657682d6e8d148a819f503cd7481c285cf7d28aed99a943e05f6ff8eec8533a60041e48f3bb851e43d735b7151e9c0b700b4c61220ffa85d08f1bd6098ec28acf5e9f54e6ae53b6bb19cf2e050a8fb14b5b8a132e3ae6b22e0a565e2085f364df8ff6240b418be8b835e9a07780d5d626cced1a2723e58c6bbfd221dfb1fd0e16d6640c6be4115e6e826dbe62be4b1ae12396bd7584a0e4861fd57a0ca50be94939e6778f7b1e35c914a6b2fb09f2e2d829db8abd5a0f29ae44247a6412d1a51eb6ff0f15ee27f6522606621de8e683084d1fa711aa11967308d182f0637be14e5821fba784521a6b9a76f6eaff8e420eed714ec37323729f0524be9380ce2cc624888b34921d96be24eb379c48a9e1e9ef1fc6c038bf0bb75a7f46698d4c732996bbbfb19c33478c4a35681078a6969a0558c9c4d206908c792ba37ba867dd673899fee88a25785beb1b4f7e8de3cef996e2e2dd8a118c16128240a2306b109ce575311c2acb94f660eda57034fb69e18810773603f2372a11da44935c6014f77bc49d3fcb756feaa532de0f9fc205896a64e9f094e4c7f75c30f3bcee7124fe201b10b83ef8f5791df69adfebc02489130ab4b996a9af936f8c4bbb50a918889e9f70b2c45148ce4e3b9801f9be1f59026da835051fdfc870ffe9950ee08f157440f6fbd4f65fc58158a4a80d935a02b63dc9c83e4f096f6de3e75819eb7a7ecebadc0a8cd98644f2683f109913d88d7619812aced4ed03c5f27f9a590c561e89d36f9472d26c594560cf56a3d9c9147f11dda37c2a936cc9df40bcad955033b6c548d8a05ca7d2dd18fca58d1adce5269fe3e0c8b2791887af42b623c30122131fd142c2e9ecdb55f128b28e7f74f38d86ebf0aeea67521fc265a852e2f96665caedc5e650ee8603c783ff2da6f30c381423a0fb5a4a58c48bc72b252bbd13049ff3a38aa549c98b681bad23244f1d17e5b63cb5a17388d72785c988f902c4a45f7b5cf2e2d1ae96c13b9df615d3ab35335785a1d2cce5048cc264c1d79ae3f4ebb6acf55d424bc06393ed3064b06c7fb74668761e4b8c456f52ecb03fb3e0163b7f415e90ac19a4ccf4b093d5c5dc1effcaa7e6b293e23b367696a9a561969f2ea2f92c50cbdc5ab7978e9118d02440a145e9f42d8d9c60fc943ec141fe00b1f49b2bf9d2c5335c2cd0c4be6a75d48444a05cfec07ddaf8f723517ee7a5a76abdac9eaf542de0a2854fcb2bb519eee87c962f44c3f3597e1b1b46b6d46147c238091c4165ad37e7deeb9da41331cccc3fc7e17c474c73c3f1a772c1300111fc29ed6236ebfc1faf56a8ba410eb235797d4bee0bae7ef905c3c0ae94002787f8a03d650f48b623723b0d712951299f7a464f4492e84969d7a4696fc8a8d8dff4719398e92d488c1e17453d51484336ba080c756f5181c3b126255ef069a552a8102fac4ad7a0643b5cff57d7a78b73c1156bba8fb3f065e4dd59e433a0d3ff61d09eeff9cded5d12d4051bd89dcdcba3fbd821178537b558a5f96c51cea3198f546b51bc73e5385043f8aac367398c3e7b89a2364915d2cb93d49b8d13cb665cae0dacc8f6134276a64b2ab21ac3fe35701d24f3a891da0c2036f01179b3a176df5e7cd1531540e67b6128e627d8cfcdc8be74c54fcfb9f94f32c265bc795082d0dfcef82e8461786f89e2b3f1eebeb1c6aa1c8208a71985a568ebfe422a7e189cf5368a742fb5c8517acebfced1cb6a53c86a6caa9e28dfc9e35525cdebd780c1223e50d2288ca4c5270337243381b06296826c45364faddf978dae4d8443105f6fd544fa645746f1ba7bf4a35be40ffcd4dd38936285d03323cf7a85190fe3e313ad256a574e654369a32e57d8e6be25897d3468926b1b5d8fa3bf0becce46428c4924b96190a962ee721494bbe0bca0f4cf7a91d6c90cc6f7f9f4870b766bebd1dd7b01476413cf4c441e3c7fa4e2b39d119ed20a18b23ca6af04bf63e298cbdf7da1ae804fd5e388bbb4456e35d2ed9c9f905134963d51b8312ac7b0bbb3a2f4d6738f496c2dd5327fac94ea8b90e4dd17a78fd05797a68cb52efe8f07b1ac686332fc58e494b4858df115dc04db081b63869a6b5abed30bf83e1669ec7d1c78868d1f61e9fef3e984517dae38b5c4bbdf1f0cd452580a9563fe1f420b8af3ededf545c3cb57dd7e087747a21050238ae0fc9b44f4464433c8507af9c3b2de34d2d0618be7d9cdac3f1b02944f37b7f1a391622a154e78d38c0e238c5c61ea06c3146b36fa2b2002f49280ad521c9f95228e6b6fa0d53921c1d8a4938c0caae6cb23fdc4651300597fd2a2bfa2f121531e1865ff8216f78f2413e933e7b4c4d5762ab92f96cdc10ce995cd9f5157d9955d6095cdc25e4ec66fcc59b2450723010c092b51294b4ee4c3f5a36daf8f0ab0d82dc046618aaa8c32e95f1ad9d2ad062f18a970d14297563be0a0403ceda148ca7f437472f7eef0e48fa277362e936d3e0c5b081a044dee374a2b74719edacc8d8d94ba0874e7b7744acdd22f81399ade889e613de1f55d17a4901436a7ab499d2af803d246a8991d4b7e94905228ae3b00746030fd216b218d7b6a5d386f8ac9c85bf90c828beb1d9ca86d946b431fb0343fa00afeb9afaf705ce3ceacac0694c6d9ad11b97031584b0ba6ffd37ae8f0af706f8c696301356c7c16732997687f821a141075c137e21f50442f24d5c0b97c685fb9c1df0c073880d1362413b591d6dcd2037f6bf4f45cae740695f7beb15d7c217ffb976e60cc7be2db2cdc605286e76f5e3f70dc74bf8e01daab3b4eeb88063a2b96daecd5f27d60a269f18939d3e1c60e7bc74fa1baccbfb1610b65152023adb5c4bd69e62d194e6b03825ef4fd0d80103d0dc2d474bfadbaf1370cd90cf8ac1e4e82114f9010270454238de97c12a0afb0471c0fe14884df5ffbb93821b8a330d6d50a63c1eecb5bee28d634b5d484b8f9aa22ca3c89afff588d8d9e5497aaa6a3c9067ffe6a2c85c06ab8b9a7d8317785029e0c6187e97638bc1ecb487333fa01f2d2810fc759372d217d885426078b4aafd2789cc311eb6df38753f0d07f2c7e57604077757143a9a6d7b17bb857808aa3df2f1d87a217756d8eb3610b4e730b724d49d5c659422f1b1383f2408fab44b0f866a898ca4a1a29bbcb66896bfd9f78cec7f649a24624632b30a3b3b72349ac069a8cfd7aaa86037ee89d18b044ca46df70ade055cd2026f3c3b92505176cd09be838789158a05a808ac7c6fb600646a917c04bb4dee1d6a246d849fed96d31d11b5ec8d6ff55431b6c8584c6810ce01986a5750d17ac2d9c3a64c61553c31820249710a66a17e1c64deb5705c7bad4b0b34f897dade6df8a1e8ee599942c8874abe027e973ea2e01aa4a4aefd04c36a851da08d491456afeb5f9c08b5b4ff4d2cce07961565203cb3773ab2073b01c3e14b657c4bfc7b65d907359063efd8e2f37f9553f6232c594d864f5216730bcbd33962196917ee9e64e6b5cca70b9ad7cd7865ad9bb6a3cd25e405dddb6937872d4d8e83d3a3339cc46d55351905feb962190ef7945d5f9a82c3907dff52e55087bbfd9de211b8ef25ca0075b55887cc331d25d9fac1de6484ef53b677ab341e677c4cafdb3e6a82bcc9319e9e05e2374a1d5c67e4fac50e3ab741b8d28ea276be4530f3f5c233c9d88805b3a3aa6b7c1baa10c1e0d1b3900eae6030b5b600f0e97b077d18f443df30aa4d81388f36a3c340292a34f8d6ba8d9d3092defe4590c029dc9c13689d5892a711784696fab082b99fdad7c220bd5c737ad4d6ece40018ac56bde19d2c3977b0f968903250e369f31de9e8f91967d8868d99ff776d49780a9b359beac70982fcdd0a068703f6b663097597f2f546b600ee36b9f0b8d5813e738d716ffe5111975873dadf535e7a80efa8744739965df020f10580738b0be1f4238e12f626253e57bf1bb11a5c0f339a8e40dd0b28bd2623da2b2b8936ecad1e5affac689bfe60d14bec13f2881bd4646e3ee94593b3d280017aa6f91e0e867d6511b2390aca51832bfd44fe0c2e0d00a6418e6ff13dc7b541e848c605ef775f84dc2a4f537955c569d30e728754a8c5dc17aef082ceb02a1ec9c9074e96a04d26a022ca12d41009fabf387e8da2b2a50665999120be8e6e6e9ddb8640000000000, 2);
INSERT INTO `products` (`productId`, `productName`, `productBrand`, `productCurrentPrice`, `productLastPrice`, `productImage`, `productRating`) VALUES
(7, 'Smart band fitness activity Tracker (Black Strap, Size : Free Size)', 'mi', 999, 1299, 0x524946465281000057454250565038580a00000038000000df0100df010049434350a8010000000001a86c636d73021000006d6e74725247422058595a2007dc00010019000300290039616373704150504c0000000000000000000000000000000000000000000000000000f6d6000100000000d32d6c636d7300000000000000000000000000000000000000000000000000000000000000000000000000000000000000000000000964657363000000f00000005f637072740000014c0000000c7774707400000158000000147258595a0000016c000000146758595a00000180000000146258595a0000019400000014725452430000010c00000040675452430000010c00000040625452430000010c000000406465736300000000000000056332636900000000000000000000000063757276000000000000001a000000cb01c903630592086b0bf6103f15511b3421f1299032183b92460551775ded6b707a0589b19a7cac69bf7dd3c3e930ffff74657874000000004343300058595a20000000000000f6d6000100000000d32d58595a200000000000006fa2000038f50000039058595a2000000000000062990000b785000018da58595a2000000000000024a000000f840000b6cf414c50485926000001f086ff9f6a3bedffbd66d6da3b39714703c1dd6929ae058a5bb052dcda52830aa5454aa9177777b7505c531c9a622104099410080939713b7bad35f37addc8c939fb64af596b7dbedf3b113101f8ff0d8db5511445d65afb7f2fc618d30413d57af7e93f70f0d095d6df6a97fd8ffae1afcef9f385975cf48fbf5c70feb9bf386ce7f5860fee57ebccfc5f84e9b40b4bb7f5b67e03870c5f6ed54d76daf7a8d3cebef086079e1ff7f1b4856aeeac8f9efccb111b0ce96f01c0547fa6536b96d24513f7ee3f78d80a2347adb7cdde47fef0ccbf5f7fdfb3e33e9dd1a12ed3bb2ccb32d7f52c735e4b7ef2d06f361f5a07604ce5668c317649b344976dafbe8347ac346aadf5b6dc6df449679c7fd96d8fbe387eca5ca7aed265699a669973ce7b4f92a2ba4e91f42e4b33497af34f3baf52078ca9be8c31d65a1b5983ee466d0386ad386aad0d36dd6edfa37e74d6dfaebee7e9d7274e5da42e7b9726699a669973de7b92a296418adea599a4097fdd7220005b451963ad8da2c81a74b3d66fe80aa3d6d978cb6d763fe2d45f5d70f9ad0fbff0f6a7331aeab2cf922449d234cb9cf39e4baa1529ba34951af78c1e05c05647c6da288e0dba1cf71fbeca5a1b7f7b87dd0e3cf157e75d78fd7d4fbe3a61caec4c5df659d2489234cd32e7bc27292a0f29bac44baf9fb931606d0564a238b6586adbb055d7db62fbdd0f38ee57175c72d303cfbc3ef1ab794e5df669d26824699a65ce794f8aca65caa78934e9ecb581d8543a26aa592cd97ba54d7639f8a4732eb9f9a117de9a34a3a12efb2c6924499a669973de931415408a59437ae75723815a65636b31000cddf2c0d32ebce399f1d39d964e97361a499a669973de93a2024cc925d28ba70d44cd5631a6160318b2e329973cfafe3c75ca2c499234cb9cf32445059f62964a0fed0ad42b97a80660d4e80b9ffd9f9674499a39e74951c59262ea35fbcf035037954a5c03461c71d57f664b629a3a4f8a2aa6a49848cfec06d42a131347c0d67f7d639624973a5254a1a5945133ff12a35e91c41638f2c1cf25b9cc535401a6984acf6f8ec854203642fdd4d7e748ca3c4515644a4e9a7d2c60ab0e13c39c3c7ea1e43d4515698a99920b005b6d44c061ef7448de5354c1a694890ff585ad304c84ad9e5f2c799254f126e5a5f11ba0bab41876e92c8994a8624e515a7470656170e0e79248912aea14291e5b55acf6202552a20a3c254a3faa260e9f2a911255ec4951fa5505b1ea03224951c59fa2f487ca619f29ca288a2a8314a57f1a980ac018031860f825a213a9b24851ba0a30a5ce18834e2db0d96b6a505489a4285d0898b266acc592035618351cb047b7ab2152a592f2f26702a694590b00c3d6dee5e737bf38f1891fac76a15c26aa6c525ee949b0252c02d0b6d61e673df4b93aff480d2faa7c524e8d4310972d13016b1d71f53b929426a97359aa44a4ca28956ae12ea895ab0858fb37e3246549e62891a213a9724a259ab629ea652a024efd404a1347892abf54a24f46a15e9e22f4ba466a6414558e49257aaa0fa2b214a17ebf5c2a51a599a2d33f01538e2c70b7122faa4c534e3c01712932c0154a28aa5c53a9e66d8b7a19027eaa8ca2ca36d5d0bb2b212e433b27f2a2ca3795e88e7eb0e567859972a24a19339d69507ec72a1355ca29277d17b6ecfc5599a8924ea5fa74246c793116d88f64791395e8f23694d9d57eb2401455e2996abff232f8b827e767a2a8124f79cd5a19a6946c7dd56c4922a9524f65baa70de5b3ffa1af38492255fe99e9245b3696fbc914492249b1f451f27a788ba84cacf0b369f29e14455581a4bc74d39aa6141860e09193e51c45aa3aa4e8b4f8f4fe80297806c0362fcb6714552d9274d4eb3b19d8426780352ef64a28aa72a4c4543aa32fa20267813d272a7122554552cabcee591eb6a8198b952f92128aaa2849f94c1336853185cc005b8f55e24455981413b57f0fc614300b1c3e550d92aa3429256a1c026b0a5784be7f9152515527a9863a0e4454b4622c7fbbe84455a054438bf6465cac6a18f5a8322faa12a51a9abb2dea45aa86b5c6ca5154454a7568d22aa817a71a567f599ea22a53aa438ff6475494228c7c4ea4a82a85a9fe5e83294616031f13bda82a95f2d451b0c528c66d921755ad529966ad83a808f5c25f242faa6aa51abab33f4cf1e98d932527aa7a25131d89e25bc3aed3e5445531f29abf264cc1b158ed3565ac6644a5bab31f8aad01ae574651152d13ed5c7062fc48de8baa6829a7ff0e2a3411b6ff4a4e54654ba51a5d642c063ea454d52e396d588131f8891a24ab1ccae9b7c525c2d6d3e5a96a97747e78513168bb4d89aa1ed1eb4f45c5e2207590aa7cc8f9fd8b89c58a6fca511530f58b62029ca20e5541a4a6f62e22066b4d779eaa884f2822c0e96aa81aa2f4094ce130586d4e46aa1aa674008aa7fd851255c4a4340ef5b8568b63532046ccc8c88a48a29235d1795c1c0e53aaca98947b60cfa34f3ee507bb0f4661ec3b9e9ed591284e5b90a40ba6bc7a4a5c14b653c6ea4814b5f453111582da0df2aa9029d177ba586387c314812189272ba4a5935e53be8ba8087c5f5ed5349d7e845a01889e14594d29d1d5288283335656995e1c051bbec34455d4749abe0ba2f0dd23b2a212539d843878517b85a544971b98d07d87a22aeb4c6357850dddd9aab0e8d5be3da2d03d5f6589898e095eafd96285a544174508fc7699a8ea9a999e5f15266406bff49596bc666f8b286cf7a9da62a2a360c33649acb494e8a21a823e6a91a82a9b99c6ae02132e83833a445659f29cbf256cb82ccef7a22a6d3674044cb8223cacaa4b892eea85904d122b2e66faf7ca30a13258738ea88adbfb8e4d60436571c0029115171b3a14c18e70562aaaea4e7561ef60c5b843d5179d5e5e092658ef889597e8dc86a13266e8d7a2aaaf448721d016dbceaec294ea92de818a70c2229195179dde582e5031fee14555dfccb8164c906a78449598121d8c3047f840be12cb74513d4806a3be9457054ea7d70607c962f7996205467a4d1a1ea418a72daec694e88a5e41aae1125560a4322d5c0b264c4f8815989cb82b826c6cef09f2aabe9dd27d10668b0d3f9767e5e535677f043ac281ed62f595e8e21a4c9862fcba4354e59de9d991a1aae35a5561de37be031ba6182fc857606ce8289820190cff404e1578a28b7b21c8165b4d9667f5c54ccfaf827a64c313e3c8d9f2aac0bd9fbf0a00d44c686af8bd13ab3066baece8a3775b0ec1a9e316f94a4c945f3467f2ebe720b0c6e2df72951845757a73602c561d2fa74a9ca2f73e93d60c4b841dbf906725d62945fd382c318e9d27af0a9dd20361a9e33c89951a35cd04a5863be52a3551d9e62131687b4199ca3145522c02fe1730e1b058f75db9724451125504f4504822ecf9a53c4b91285214c3477d1d921a4e5924af72ecf4f2cf26cb29fcd4a22d618251c75fe4598e98ea1adcae84c12395fd02361811ee535696bc2ec16f8b80283d8828140643c69626afe4645cacac085053ac0d45844dde972b494e9f6c76ba1c5508e66e0b138818fb4e975739f6fae289f9f26221487e89281035fcd095267989145500293d8238187f57c69244f98ca20a013539b26130c07d4a55b9939abd3d6c102c561cab8c555ce3d7888210e15b13e5aa3751fa176a418871c02c7955705e9fd46d106af8913cab386ac64eb0218870a1d28aae7126e20018f4b94fa9aa785263500f80c5ea2f296325e735a1af31f91761bb4fe554c97b4ddb1551fec518bd50be9223d5f82de210fc42192b39d16b0ceaf96770b9928a4e4ee307c2e49dc1e08794aaa2f79aba2ba2bcb358e74d65ace64825bf462def22ecf0959c2a7a7add837adec53884f4559d9cc60d86c9b9086728615547af2f7644946f06e60a25aae829a7295be5dff0314a59cd51f4fa1762e4bbc5fa6f2b53254f917a771dd89c8bb07dbb7c254791fa785bc4c8bd4394b18aa3484dde1975e4bdc16fd4a8e2287a4ddd1dbd90f7066d5729a9e244e99b7dd00b0158e97165551ca5af0f442fe4bfc5c61fc8a992e3e9a8238011765c445fcdb96311448b2395b09ad335302100ce514315dd982018f4bf51292bba71b04118f982b26a8efaca9a00586cf4b99c2abaf92b2308dbcbb19213b5684b98fc3338468d6a8e54c75e21803d5f89aa792a3d29000683ee50caaacefd0e3600235f975355c7cb82b0fe37f2e58ce29262c8743fa200eca094e54ca22451411b1b00e0043554ca294a0c1c352104f5bf282d67f26abfe177572d1219b26f069afc1bf280329631aaa193007c292a64b3d684c9398355de955309a79c666e867adb1491219bfb9d00acbfd0fb124631d15f6ba8e1ed90895ab03f6cce01bb2b61f9a298e8b9e1b0319e9682d67162007ea244259b229d1377400d31ee0c5c7a26a2bceb7da95296258af4ceb92c93347167444084cb7cd8fc45f937e4493995648a5e4b9d346603c458e2f769d8743be27c3358f153f9b22452fafacb8fdf7965ccefb6067a0180c5291d817b34ffd657c6b244a9fdb4bdbebbd5facb03b0113a3b6c51e05ecd3b601f252a5197a353538bd0b9c53e0b82467d62a29c33672865797247d95a14596bb07483ede7854cd4d7834cceb55da7ac2c91ca7641b70d369e233258a4a6af02936f835f9453796a8c6cc6a899816bdf24ef864fa32f515fa09943db45859b9ab3136cbe6da494a5497a01a67ba6f717224336ff80bc3b44a94ad40d68a2c584c02d3c1a51ae45bf53c612756633228c9382d6f1939c6bbb5dae44f1e0e6bc1cb8f4ec9c1b384e5e256af3e63c1738ff0fc4b93662be67895a38a8398f054e57e5dc56cacad404d39c0742777bce1dad4c25ea5134e7aed03d885a9ed93fcbb1445dd2148b1b43f754bed5c7c8ab2c933aad4957878d7a09719ef5f9482c4da2f66ad2950cdc384479b6bcf3e5895e6b37e9f2d04d30b9b6a39cca1367b535e9d2b0794dea65f3ec14799627bd1637e9e2a0c9ebb3fec6e497b9445e65995e37db265d18347a7d3e1439669f16cbd4e968d2df7dc8e43579853ceb35a544c969b766fd2d745346e5d928b13cd16ba5665dc8c07db54e9eed25aa3c6962ef665d1abaaf3782cdafd3459626af7b7b35eb8ab051d3b6c8b3eb4595653a9d6d9b75b502f7cd3679f64a8952a683d0aceb433763c71c6b9b55a298699da6dd14baf6dd726c4396294e19d2a40877846ed69e39766899f27aa65fd31e08ddecfd10e5d6b92a514e57f66ada63a19b73508edd53a298e9e7a669cf866eeee8dc3278af4429d5de68dacba19b77446e61e022b13431d33acd1b17baf947e5d7b7335165d973ea8866594c1403774c5e191ce34a94d3cb839a65fa7c15ba05c7e5d7df589e98e9963ecdc2f07651613b3ebf1e517952a673a22619ac3a2b740b4fcc2b8b4fca54aaa3d0b40d6607efa4bcc2f20b449565a6daa679dbce0bdec93965b0e3629165c9fbf9a3609a63b1f782e09d945316a7a6a2cab2d3fb2b34efa845c13b31b72e6189caf4c82034d9e2278d9212e1299527a6baa477b3229c97856ec1f13965f13fb13429d1cfd1bccb19baf9c7e493c1dab345956526dabf6931ee56f07e904f16fb2c10599a326d06d3b4678337efc87c8af0ab445459f6fa628d1e784f0cdcdcd1f914e3069528a797566c9aed332578730eccab57cb54a6db06a2c906a3be1115b6597be793edfba5589a98e8fc5ab32cbe334b64d8667e1736870c369d29aa343774229ab7df3c51619bb1632e591cba40645962a25d609a14e1878b83f7cdd6b914e1ec545459f69cb7116c9362fcc9056fda66b914e3569528a7096bc034ed6605ceebabf56072e90db13c657a62b9a6d5f0ac18ba29abe5913103ff27afb2cc5457f745b323f3917ce8262f9f47169b4f2b5389ce42b30d569e22af90d3eb7f834c0e45183d5764696ae8289826596c3d5d64c8e4f5599b45fec63833115596bdd3f6b04d8a70e43c5121a7d7449b47355ca312e5f4d5264d8b7156123aea2d44b9f4b4589e32bdb11a4c936ab85ee17b0971fe18db7b82bcca3253dd37b4075e1083f7146af963b1d667f22c4b4af4cf184d361838515e61931ecaa3083b7f2dafb2cc867e8a665b6cfe853c437707e2fc8971ec5cb13c65da1b5193221c3e5b54e8aecda31ace4e4b94d7375bc336a98673d3f0f1e23caae34a95a84c6faddbb43aee168397fd319f1e104b13533db23c4c738cb5ff950b5ef26b44f913e155f9d2a44457f66a96c5869fca076ff12939643078bc9cca321b3a13cd8e307a66015878246cee58acf9b13c4b53a6c31135a98ef3252a74f3f6cda5cd3f975759f69ab373d36a182317bed93be450849da79628a7f737866d8ec1f0b7e514bcf68d617227c6c133cb13533db6024c7322ecf6a53cc3466afaaab974f4dcf2a44457da66d57046262af0d4b4c1063974fcfcf2c4443f478426da28ee833be44247ead3c8e6d1a90bc5b2e4d5d80f71f74c0c0076ac3285ef3f88f3a7869f7594263a4ddc1c51b7226083234e3ef69fedf20c9df4643efd7471794af5e87098eec41876cfd4f6f9f3129105e0ee3c8a71f282d2a44417c2a29b11567d579d53a1a77805a23c3a6e9e7c4922751ce26e180c7f52ce7349317ce9d9f974d49cb244a74fb641d40de05825145508a98e5361f327c2dedf9425a51a3308a66b0623c7cb892a0a0b0fce238b6f4d9667192253fd113574772f354415435273b781c9a3b53e915729f29a7b30e2eef4be5ca90a23357bcd3c3218345eae1429d32babc07667b9ffc8b128909a3ed020876b78419e25884c75356274dd60d46cef5520de439447755c279522aff947750bd84c298b83f44c3ed5f0bb4464f951a6579787edd66e4a0ac5adf914e180f632443a5d863ababd47b1f07f86cd2383153e9157f9f59ab23ba2eeeda8b448a4a7e5136af8b73ccb0e99e95f88d0fd4d951506528dfd6172ea9f5e64e9d1e21fa3d62d83d516785f14442dda22a72cf69e2daadc524e6fb459d3841526c8b120909abf3c72da461fcab3e4503c1f753471c05dca0ac464989caae10e892c3394d3c441d634033f52a2a220bd0c9b531607cf17556a28ff37d4d14483ad94b238dc05935388ec24912586f29ad8274273467d2cd7354a24c520f10ff915e33227b2c4508dd3516b0a306c8c3276c767a282e47f925f066bcf17555a29afb7514393eb7f51da3591921383c40bf20b119e97c89242518bf642d42c8c56a36b946edf6316c3a45b73cc60a786a8b242e911d4d0648b2d9cf3dd390bce07eae91c83c5db12594a286ade7230cd3258fd03b9ee5cbb999cc2f4366c7e191ce8459553ca9d8608cd1b72af5276e3e11fcb07899a6c4c7ec160bcc432424aafc1a207edf94aba33ee4191619a3718b9bea324960f9272aba0678f55a31b5cb4405488a9856be71b9e12c5d2b1e4b1e8518b9d947549a4448598d4e21d60726d75912a9b14752f7a6ab36fe4bba650896a1c9c7338575e2c1714f579bd870cd618a7ac4b2229062a3d29ef7a7d282f96098ad27ae8b1116394b24bad4c71e9624b64bf82cd376c2a522c0f14a543d073bdaf50a2dca4964ab115fcf9b9677ea18c6259a0e875b6e9310067a99117a416ce689fd1debe80a25ae21fb987da5d4a4596038a5ed759f4bcc5e14a98135e1d67adb6e13a1b6cbadff416d155b967d0f77d252a07149d1eaec1f45c849d17d3e784d387df8201628c93674bdc8628e760b0d674256209a0bcd3e3bd60d1f3169b7f26970fccf4faba888da9e355b135eecf3f186c31470d91458f72d4a375445826567f49594ea47a64300c1061bc7c6b3c160058ecb4400d91c58ecaa4fb7a21c6b26830ec3ea5cc8b1b010383115fc8ab259e0b010cf69ca386c802472a91aeae21c63252bf5c89f221d37988018bdddb45b6c44b4180c58ed3d5a058d82836949e6310631935f88d1acc052f9d881a50c7e512d512af860111bef589128ac58c944b35f507408c6535c2e1caf262e6fe888168c007f22df2462010639dd79579b188514aa4e7bf0563b10cedde219f0b4e1f7e1b11fae222892df2df50a086a10f884e2c5e141bd2df86223658967698910fccf4ef9510f5c5aef3e5d522efc1060275f4be42cac4824529757a7fb4410dcbb2c51693e4f240a9c6f4aed7b0d51772a25a819a100ed411ff4ecac42245c927d2e5a38008cbd89aaf29cb03a6ba04a8fd62aa3c5b66624010032738656271a29852ef8eee8d08cbb8c1f28f29cd05eaec55cf7ececb53548b7c1a0704163870a1bc589428972a396f2520c2b2d7eff69c90fbf2332739896a952fda4c40600c4e5d28aa18934aa5db36afc118b480bd42097340a42447916a99e983820213e14d9105494e8f7eb72f60d18a067f514339488a9e14d5b254fb308435c66f129185485ec7f5050c5ad3e2974a99072245b532d53e2230069bce145588bdc6c468dd182728cb831ca4da970f0c624c1259889c7e8d963a42ae20cc5c293c77486431fa596beddf215f1046c284c5e2b486a86274622b45f86e7b61582534069bcded018a9de61cc5a54bec814c47b5d60e5fc9158495105a8bc9229b254af2deb3cb125b82cdf74b92ea94eac94ca35beb5b1f1785f611c189f0b0d40354d7e9295122457af6a0d819c56eaa47992dcac49e39a4952c367c5b5941186a4263719613d924cabdf2f82753a6cd9cb728f1ea9ca224aa67a9a5524da477599a742c5a306f76fb375f4ff97cd28713defef7bfeeb8ecbc5f7cef7a27f6c8c1adb5de7f4a9bc16e0d51cdfb09ecf0f5b6dbffd89f9ef38f6b6e7fe8a967678b14a974ca94a9d3be699f357beebcf90b162e5adcd148923473ce7b9262671449ef5c96268d8e45f3e7ce9a36e57f1f8d1ff7ca738fdc75e3e57ffeed69c78dde63eb0d470d6f8b7af5193078f9b66367c8f7c841adb5ce1b856104c23b648ec8a6e9a16860ff7e7dfbf4ee558b2c0c76f86229b3ce38f977e7fff3ca1bef7ce8f1675e7ce3adf113274dfe6adacc390b1675a4be6b2e6b2c5eb460eeacf6e95f4dfeece30fdefbef9baffcfb9927c63c70ef5db7dd7cd34d37df72fbbd0f3ff1fc2b6fbef5defb13dff934157be4e0d61af97c5198b952782cfe2bf5c0b4bf5d7dcb9df73d38e65f8f3ef6d8638f3d3845a2242a7bf5f1b12fbefae65bef7ef0f1a4cfbffc7a7afbec79f3172eee48b3cc7545143dbde7925a26a91e39a4950c063fa4b400909a391226340657354fa2ba4d89a2a89ea53aa7a84e9758d27befdd9259775da79e628f8c6eadfef7e503454f912d236ae64a08aec1494e647328f9245d32eb3cf51425527499ebd477ceae8b9d89627745b56ccb0d79381f444954eb929a312c3cc0c64e54f16db9410fe603952dca44b6d2977d4c80a269228bd021ad55bf351fbcbe3ce60e652df5216c80f08454880e682d5cab240f9c666c7696921692fe832844e7162166daabb5ec0df940eabd8fe5d54a63c3b45b41dab3b5eab729cd035192175be98930f59f5f8c766cadb63bf281a2f7a25ae9c130e1c522e4b4566bd56e519207a2c816bb2d50bf175978fcec61ad04e09a9c68754a57c306695379155dafd706b4d8950581ff0c547d8ac862c34c7f8c5bc900d71504ff8740e1cff20547a976456bd56f555a08b25f876a7539b1c090f4b35768b13e771784f4d450d59f95170b0ba554c7a1c5fadf571092efc384095bca512c26a4e8f4fe7230a5a0639f60d9b3e529b1785024a999df466b1bf4bdbb202cde215868bb572229b240505c52d2a7ebc1b45a9fbb8a00a9459b06cba0d7b55e922729b2204894a46cceed4360d16a031f2802a216ae8e601be088b7174b12bd2749b100504ae6bd7ff17a8041cb8d78ac08909a37245c40047bfc98c9b39d3af5148347cd7ee0ac1d0c60d1f2062b3c15268aa4d895c9c6040c51048c38e882273ffa724e268962e89c5eec0544b141eb47d8ec43b9108992a8a549ff850d1910c5003074eba3cfbfe175890abdd7b40350472ec63845294344d179b12b8fc1840d30512d46a71f8a64e0e874316ab96030f06ea50a935f9c76edaaf02d696c5c6bc3af5351a1cff45c1f983c88b0c31c79864814d9259e590c3ab543a68b64d8e8f5e5ee88f3c0e2e76a5021a6d80d77388a6384bba8d0894ee7a3960306ab3ca3ac18645b170860d35454e8533dde17a6f522eca38c61ea26a9c5238a84c5bb1219367ab5ef8bb8f560ffaa860a20a5cf502c7f40518167aabf226a398bf5ff27c762f064b130f5e92203a74cff5e0db6d50c8e544215837f160be01f54e848afa3506b3183a1f72b554138a5682c9f054f4c740d5add622ba56431e09e45030f8a0c9c9c266f8ba8b550fb831215428a1b148e2de4157832d1192d66b0e637f42c088b87178e689cc8b049a99e5919a695806394a8287c610b07f69357e0c95407216e218311e3e4540ca9d7503cfb7e21326c52a21bfac2b40eb09312b228dc594070a23231709e8d9d11b550df07e5540c499d594486b6930a3b95e802b4f2ba4ac962206aaf22829f28138326394ddd18b665e24b95a920d26bad42b2dc3c4f859d6ae82768dde5bd238b02db7b17127386523168a2d3276bc0b4ca79722a8ad45b7111311839df7b85bea11fa055072df06471b8df1611c09ea1440c1b9d268c84698dd3e55514e9f507145283d5be9157e81b3a12add9a79d645190d7e86202e0a76a8861a3d7841130ad70aaa8c248a7f50b8ac51a5fc929f4890e462bf69a2ab228909cd9bfa000384d0d316cf4fee3c1adf0631547d2ebe9de45c5629dcfe4143825fafeb267e2af24160352be43c7a0b01afc540d316822b3a943973583d324aa0092f42e919eed535c2cd67d5f4e8153a65f2c6b513c451403478a2e4d282db869280aacc54fd4208326329b3774d9b2f8a51715728adea54926c9bf7dc361802934abbfa94ca1f7fae3b215b77d218a81a24897258997a4af9ef8f3e80d015814d9183f5642868d721d2b2c4b31fe4a5161a65cdac8242979ffa13f7fff3b2b02406c50682d561aab54a1a76e5b96a2e1534531489493a42f9fbbfa27bb6c34024bc6d6a0e8d670aa32326c14b9955966eab841a2024dbd77f3e9bb6fbc721b968c2283226cd0778c5285ff5dd865c4609319f2629048bdb2663f741a5983c25cc30f3a44868d948e815936ea784224b5cc5374699a65ce936c1939ed00c05a6350a88dc1034ac4c0515fd7ec3211e3c885f25af628522d4feaed5e3028e031f69e2e1f3689d265b0cb4264de9013b5ec53bc76fbc37f7ec1cd1f906c1565da1b05bd861b949141a3a8596bc2f45c1d7f90d80a943edd62b975773af6e209ad43af09038b5a840d26c8892193283d8db8c72cd6fd484e542b70f1bc050b162e4ebc5a854a75000a7b1d7f92a8a053d4e2a311f5540d77ca51ad492d956a55aff1438a9b41df37e4c49049f4fa5f5f989ea9e19805f2624b5062175b824a74200a7c0da774c88b21a328dd815a8f580c795999a8d62445b5b4d3db23608a1b6a785e9e0a3ae535fb20c43d11e3efca4805996ae800147a8b6f4f95174326cae9831a4cf362ec314d9e0a74a65756802972a8e3428962c8445257a2de348b3e8f2951a0c886f68641b1af997744864df29abe3b6acd3b4709a92053a91e1f5ef82cf66b8862d0a8542fc7b0cd89b1d334792a506ce87bb028fa75dc27516127bdfe8a5a5322f47b420d058a4a74e74098c28778c497a2183639cdfc1eeacd00ce5287a840d171574428fe16a748144326aaa1f74620ee5e84dde6d15361a61aba2846298c315662d84435743360ba1361d89b4a142a394ddf0271298059638e57e0447afd0471370c70a9168b0a33d5d0d988501270bcbc1838659ab935ea5d038e54835498a9546fad591a6071afbc1834511d7a7518a2ae186cd42ea76031d58f5143795cee2bc7c0896ae8e2186669166d6f29111566aaa17fb5c19408eca1440c9df73a1c762906b8510d51a1f29ab5376a2895172a1383262ad3bccd107706fc52a9a84053a9ae408c7239e46df9c0894af4e150449ded9b92c1a232bdbb0aa292812dd510c3262ad1137d619658778ebca850511da7a18ed279ba1a62e898e9da1a0c30e073795181a6323d840865d3a0dffd4ac5a089a2d7990606afc98b0a34e53469bd120260cd897262d04479ea60e0415154a0492afd0d6a28a106df49bd1783268ad236bf53c0287a3d8d1825f518a51483268aca28920a35bdfeb73a6c3931b07f574a3168a228910a3545357e8c1825d560c4234aa9c05124c54051941e420da535c2861f2b138316768ad467fd2d4a6c0d7b78656289d3c2bd516a10e30cc989e58ca2f4774428b9d13f2527963352af2146c9b5e877abe4c51246515f8fb428bd31863e227ab194a5fba30cd730f2dff214cb1695eaf730650875ac335e9e62b9a2523d0c8372dc1b1b4f96a358a6a84cef0e44696ec3b6b3e4249627ca69ca8628d16dd8279193589628ef17ef8552dd0b0737e42896238a894e40c9ae61eff9f214cb10a9c5fa2d60ca1522ec3257be14915aa48b018bb21d61eb6fe4c512a485ba258245f9b6d8f80b39b1ec508bf4401f58947183753e5326961b6a911e1d0c8b726eb0fadb4ac5324375e8e9613028ef2b3ea454645921d5d073c36150e6075ca65422cb0849257a6e380ccabdfd893c29960f4accf4e4201894fe3dda458a2c1914493dd806830a70ddf11229960a8a94aeb330a8000d86de298922cb0345ca5d008b6ad000a7cc90bcc4924089d49c1fa186ca30c686af499e22cb00454a5fec8f1a2ac41afa5e9b489e62f1a3e8a57736420d95a2b538e0bf92f7120b1e45a78e1bfb2142d558c7d0cbbe911c251639ca4b5f9e066b503dc6163b3f2b7947b1b0514ca5d7b6460d95a4e985dea78f9732271633528e9af6c75e8851554616eb5f32494abc58c0289f4a2fee0d44a830ebc056d77f25258e64b1a298489ffea60f6a0695a6ad01bbdd36434a1cc5e24431cd34ff9a6f03312acfc8027b5ff79994a69e6421a298a6f28f1d0ac41655680ce03be7be2d31c928161d524c5369ecb103801815a98901ac73fcc373a5347114595c28fa24959e3f71052036a850230b2cb7e3396f4aca92cc536401a1c42c91f4c8312b019145c51a5900a3f6f9ebab92942499f3148b0425ba2493a65eb9e730c05a54b0c6028857defef47b3f97249fa659e6bce792a1a3e8b3c449d96327aed517301655ad35003064f5effeea967173d5295d96a669966599ebd42f9ddd16738922bdcb522769f1d3a76f361c8031a8748d0100d36fb9513b1c7bee4d4fbd3bada16693f4de7be79ccb9ae8baedbbcf65d17bef5c967949cac65d76f8ea4300c0a20a36e83c6e1b3074b95537dbf9c0a34f3de3bcbf5d76ddadf73cf8e8d3635ffdcf3bef7f3869f297d366cc9c337f7123a55a7929bedba4bab860fc03e71ebcfae05e006050251b74dd46b57aafde6d7dfaf6eb3f60c0c04183060f193274e8b0e5561c396a8db5d7df68d32db7da7afb9d76ddfd7bfbec7fd0c1a30ffffed1c79e78ea8f7e76faaf7efbfbf3fef897bf5f78e915575f77e36d77defbe0238f3ffdecd8975f7df3bfef8cffe0a3499f7d3e65eaf4e9edb3e7ce5fb8a891a4995bc2a58d8e05b3bf99f2c97b2f8fb9e9ef3f3f64ab1507f489b0a4c1ff391a638cb5368aa2388e6bb55abd5eefd5ab77efdebddbdadafaf4e9d377c97efdfaf5ebdff980a5f6efdfbf5fbfbe7dfaf4aed722fc3fbd0056503820605800007063019d012ae001e0013e31128642aaa10ccfca2654018259dbbf0b247a2c370c65b9cb3c200d5ba401f89bfa4bfc03dc13d92d047ca9fe5deff217d916a9fd3bf087e53f6cf14aeb77f11f953fdf3ffffca7ff5fec03eee7dc03f49bfc5ff6cfdc9fe9df111eb8ff6fbd427f2bfe89fe93fbb7bc3ff9cf51dfafbfe57dc03fa0ff63f466f618fdaef604fe7dfdafd5b7fcfffceff37fbfff449fb23ff67fccfc02ff2dfe97fea3f3b7e403d003d473f8075aefe1c7ebefcdef8f7f2bfe1ff203f70bd89fc6febffc7ff7fff29fe6bfbfffddf86cd13f625fe07e567bb1fca7eed7e33fbf7edd7f77fdb8fa1bfe978cbf3d3fb3fcd6ff01f211f907f45ff2bf963fe43f6ffdd57fb8fca6f3feb6bff27f333e047dbff9fff8ffef7fe77fdf7f7bfddef70cff23d23fb13febffc67c00ff2afe69fe0bfb97ed6ff6efffbfeebe27bfcf7f3bf38efb8ffaaff95fe67e00ff91ff42ff2bfe0ffcbffc7fef3fffffe67e387f61ff33fcffe4c7bcefcdbfc9ffc8ff1dfe7fff2ff91fffff813fc7bf9c7f92feebfe53febff85ffffff83eeb7d9b7eec7b137ea87facfcd4fdff2abe151f0a8eadc7abf886f0c9aad4cfc6c43a80af2fcdf3d6572994f62a208e2abc1cbf5eb5f9caa4d4dc643aa17119f2e1916f058e04659c2d2c72ad32b8ec0d7482226282fcc1c060e6d88914fe5e9feeacb240b7ee8a04afffc97c660746c85b586d486c578c1fdfe1cab5bed1f71da503732c5862349cffe6ca088c14135bc72659b238647509993c31b934a34b60512376bbb91b6b4f58b0adbc7b7ced6a22c8759ecee9b34c11379f3afbe733d2307378aa3773e850f2414705e919a37e8c4a936aba5d0b163cc2a62d8b46cbd3eecab7ef4d4a52fe59e079c7b66647bc4872165c8adf751f813fa1d3e4ddfbdb5c28c729f08d5ec2912d80bd74b87b77b9d6bdfeff0ed2cd47d2184ec95aa63dffdc48a50c72324e36dce01dc4b052912eb40f0b98395826b983d24b1ae14c64e2c4391d2b83ffa79f69522ca5d508f500be466360a814b6bd8615a45bfd736425f0523a91b6c6dc05bd1b42ed316243e932264b011c9f5a68e54c9e905af3963984dd2e0311facd79928a53f0f65a3fbf5a36f94f6a327e15f265cab9c7c081f56ed4e71bec8cc7149dd9699cbbd029538fe8d396eda09c6d9b48e46370a3fffa014290755f461dc346d4bd46a91d0769dcd0f2d0e2940247970751bdad393062558b6768effcfbaa4122abd335a9099e16f9a3b2927b39eaa0a2b22e0a23ff3833e482629999a36b37fcd7d7860103c9fea884b156f02151a473c49be4cb260598d2f59c2ad175019dc1e64d037a1c4f8b0293e5db1991f8ad7aec9e0a094abeca50b248ddd1ddef0b4bb636064d43468d28b3ef71df0b074d2109737a7a1a5734c656cdd248bd075c63919cbcdced0741cb8aba7b441af555dc20756a9cb676ba06ca7259a79c377ed1990240474e851f4678f215c51c77b703acf06f8aeac0f797f28ddb32db44ff0190d25969ea6a721a9c0994adb950dbbf60750f29133cf2a9832c7f0e8a5c81d3da829bcd3f3119eaed1ebd71c96efccfa381e51ed1a95ab6247f238ea3a36bd31fac8c896c1cc58cb23c869b7e041586fba26c5049b9e86245a23a6c4ebae965b94d1979c5c5eab9052911dea02dabe2ae238ec174804fa70b3ae8977f95f0e62dc25293fb7e4cc4948242e65172347f2ca824b80e1ea139cedf80f2659e3fedd376cdacb41deecd0de5f3ec151f5d78a573e40d55d22dc0be4c5c888440ecb014a99e2d0ef488ca4818cbe3bf9ab218332faf8fa221a0dee238d41fd32faebb6f515ca05dd01242c1b61d41f20ac4900c6e9525116d4f8e23ab76e0dd7a4791342d2e0207818d70070305d67d592ca84d3b3adf4dc306c0ca7804ef5678e46b4de9f82da3f9341b54b558886d59580213a362c149a6c025f25c157b94b4fc8608d1d348a70295fc8565a46213ce5df8fc815746a3151cc8603af8b279cd30c6de3ebe6c80a02bff2c2a57a67de327452baccffee90b8d7ce94b545f92cb7a98a7aa43d6fc6df2ae8a5980f79d23dfca44b297150a5d556d45b3fa7fa6757d747f894771815f2b676ce1a7f9262cb6c58ed1ac63ad18f542c23e1f8d1bb57491c107746b2d3640b6a2bcd7e838c42acde83152c13ac7c1a35def65a9e478cd9d7145db729e9192a77cd150f21b1a22a7e551e7f782492353c7fc142c4ec33fa1bf0943ef5dfbe4985d96b4735d40e99cfee14554822b6307a50ee9749331b824c9844bdb9a09474c85268bd930f3d319b40d6fb708b20222bb750b2c265581879a821feccfa2831de349f1e54e512bac1c3a3a58369a368ba4c1d3aacde0faa12ade0811f69925d46bd8903104a61142ae7a4a08d4409346ec3a3a6da3ec6853b72a37cc071b0be4891c245ec26893b9658967f629c5dd3b324b04cf81918f18b06a69014270729a897665b152fc974715d3465fe70b9a60561b8d61bbb8cb28864184f8ac740ab59115e6d9b0b3732abbbfda3e40d937a9bc9f48883dec2b057e71fae9018505f4c4151d1a9acd7c9c247aa24866ccbe95178c5b383acc0eea77a0a92443e168bd3b4f8c11cb0888a45023f16f5685b97508c24693653e0252b7c6e13b1800633de50ddf1c313015a6578fb6c76754f786196307b174ec8614d9a3920f6643d44e5126a9bd809a45d5dcbb225f9c9b24eb28d84349388e519b64c656056f0ef3410c40b605d5820208bd056b4383c1e607450a0fb6982d064df09783a0b4e5e30547a02863464a6d4300f9bdad260f4817e254908ef4db5a39c091ca2a97ba27afa4077c30ccf4799237289818c0e046412eda907fa94073e88db8f8d06ed465aea7eefb6c123f9f2f570fb17cd375b43210e82efdcf4c6a738df24275436c3c6945bc77796c8c9ab46e7d213aa753c7c70782c1b9a4bf6c547a31eea587acc3506ba7ff02d60ed5a48de46c4c0bca3526047735d7ceb61c2fdb7fadd152ccc99fac21517ccc8a21a508a7341f22b644e471342659dc8b0f48992e4aeb962f76aa6d28e154ba740a6d6e63b7c33f66adb41e011cdfe2f8046ebbcc4e2676d816b53a860dddf44d2a250a19637f265a7baf72cff69053ffb02a69219a30b32560b90c92d8208f1ccf592f624fb63ac264e10abd8ddd57daaf57d2e7dac176490435d0bed2da4afd1f18e5bb07b1d2e07218ae052418a05d54ca5774b8c696622d2dadc769cbbdddf1f559527549ab0d1a06794f5f5bc354021dcdbeb9f347580816e2dc1591ff44aea1563031012f0723d0b385f87a797611ae58aa6c80caa64f7a05272d4145ee2df5bb2fdaeee3712842b432e0d59e78ba350e5ba26bdb89dc84417da0841e920230ce7e14823c862c83aa009c4e1cca078ffc2c34203439781ea6bd6a6dd9ed60fe453f1d78199ebdf2d32f676363d523db8097738aa4434813e6662fdace575f7320910e715e116c46bfc79d495e868a4585ae8577e0f01990828e9ae2c9d8e068b1f547bdc5bce08037aac7af5eeb86c0e49d7291cb406a750480699e1a52561fe6041dee3ad2c9c12c65fd0357ff955ba94d5ed1e47c4caabb91197ffd6b5f99e1541500cc25c25e0c68d1a66770d1683f5dd03cafb5bf87caf6d23c401153a1b402a84972bc1770cc3122c0638a6bc425093487ca61b766bb0123244c2eb87ba45e32b7fa066e06285c09e656af41f346439cecbd6a68ddb33337db70a02b5aea7ef8201dab70aac6476f54ac090a2ab221c10665011c6f7b14847147fe94cc4c6caedbed94db387beb7f26f2004ed6ff38b3b7d25001b1c12806644774c7901d9ee6a870ae1f095cb1e32cfcffbb26af8cf6aa6bf8d2016297d1eb722f71bfc40d597a6a1ed5636eaf56798497059912b72dd84ff2b66668daca5d8268e0a0723f20839cb23520f305feb71e4815be9003313a25debe0e5e1689abc5d68f516fcaf49828a8cebeaf2969ec5739563392ddbff7dce0abdfe94000fefba6108dff11a423e4cd145b5cb25e18c6da2ad7f2926f9af53635bdbf0b641c6d622027522d0e2715156264732a448d8ffba88b0c7906181c2666e3445f5f75803f24ef012417e5e6b0b18e638f6f181f61a3cd995c091e7ba655c4da60734c412c2d4c2b48bdc6b9d7a66b6c7995d8674fa4de77619c252238f0f7626607a333f13221fa16401fec545b715272e648d8d2fcb9ff871ba1df9bcce3118e3e2a307ae2c287c35675bf397f7bd7d3b533f325b47271993c8cb3fd260b341f2e77f8203d4a767a399c20a9bb97c1b55dd70d291140461203966a63f832e35e8c2ad635b3485c31ef5ec48fb9d1f2066a0fbdca6215056252ac8e32c0eab7027bb343180924fa67a1a071549463df296ad07ebf16356ae42dbe2b1693b8d9f6a2ac021a8e9e1d37f424acbca5faccae4c10679f8bf37531091970f00f223bc7c45e25ee39b79a38954d2500af5f36dcaa9a93f980abffe17d7d848693bb5f70a00274144a3a586f0200a724f21a01a33b81f02c52786527c0ddedb8716357c83b0b7626fafe9ba578c54a5a1450a703499bdb3415331ef022893340d9a88436141c590410d2e554a4fe7c68bb962edda439a9492e74ebc53583749629bc1510215b870c115df57f7896d3e90022b9caaf455e6304756589f38dc37a5d7bfa2902a7dbd12242777a1d07581fc771d20285c5a53bd451e47b5fd87d3a3ae9d78591247b78e9fcdddea5020310681416d13c728f0bdbf288256befb824f9dee21d9a84135813c1bc9c1f6f8937c20009cf3d9cd0afdb77c2eb201b9d4ffb763b90cb5241b445681bb7e49b3c10369f663259e6bb41dba772b7624ffc64f113d657c3a383f9c007837e09659af97f755fe4a05637ded1d9e3d1a000197fc7164c171718c87ab1a14ee197e41669d347ba2fbd2f36022f4d0b2c084d78371a2ccb1a4a7a0a8188e805c63b483acc82297260d8f3cc1458213f6705479470015f72199e035b9cbb1aa5284f7137856e4732f181aa011c6ee1ed49d35bc6f97da45abd520f231b48821df678f91ecb863aefd52303aef102c6ed2aab9645b8b2b98490ccbd33aa7b0d2089f4dd1d4bb34466bc3caf4f643d383fc0617ce6107fff1ae80fd791838b480215f0d689a61edc0f457b5068193a029ea50ce53ad2a029c5cd862e82884205c61f206adfea38456f8ce43b2589684af22894982d4fc857c4c67f7560651e548f55e6834049db0dd6668e4a1a17afe7f0d1472217029af695c94ead9d539433350eeb48ff7c9b16f840e8fa5daf9c6e78962105a869dd7d64e19a4bc4741d912035f1247a93a0ab52b0a6f552c57dfe9b68da350a17d0848e648f3e63ae0b82870dd1c2e25c63184144e79899defd95ea8d8bd8aee2b1c78cad9c167c751bfa298a04ccf59a051c4bad6162bcf78fa6c5424d7f49cdc0db0bd1b329e804d15e59ad6c7e22e364b9fcaf8638826a85851bd7e847a9a8e1d1f1b1328121eef6c07e30d100b073a1b2b7ace3c83cc4ad00b5e8d56d30114599057a40dfbb0986ee5eed4f27bff4002d46cf477d4e070192e98d33ef3ad4373152251bd0d9749b1c97cc2372176b9f0382f8ca42a7ffbbd357fc09f9dfe6ea9d66425150d360b2a7501aa1640f3307da5e0529490eef69b65184a7592493cb8eb2a96e41b0a9d69d51bcedcf3c254b730bfe8ebdb29cff4cfedb0d835299805cd073144b0d25336bdb8bfd2f100a8847e1bdafb3e93544a7a1a7975452ca77872c1f9536f248dcb36781b1a46644d74ad10585b206bbdb8c9e3c562c237f1e679ea213ba25db989ab4d493441657adb6bea63a8c45cff3176209435168ba6865183b0ce29362537f3692f1b075797275d9875a32c18e46e0772248a058ab9eaf448d8e3e8aee1eebc064d8aa4c317fb6420bf4934e4ee3412fd24e748b830e67580f9dd78c876b125ecaedad2762852461fea443682314c035793765c14087b2bde656f8006790a153e95701ace27f46c6148b07f22d8935a364f77105f6f94007c55ce77b36f46bde4ebbbcbab56a39b0a1a5e5e3aa212136812c3107071e5767f18e9cca84ab41e5dda97cc824dc31272433d4c0c9d64781ec2e50cd1f47a551fa7d42cefa04b0cdacd99ffc8445cd72961bd36f2fcb10a36ae6300009c08c978635bafee80a9144675f79196e30621e0b19b7d9bc394c5823ee2a458a914920128b27f623a4ad41f8261cb46e032ff6ab9a65534343776f75f1e0c35e217257bb9b44731c6c46b31b28aa0ab55bf2f5ccd8f4dbd512334f34b3d938af0997771c98000631e85bf9ae4c250045cb4e884a0d39ed864d7620cdcf92cff3285a9b996353c12461dc930bcae0d4949c89ef569bb786ece6705fbc938f3d8fbdc6ccf5914ff775f7e4ea709457e28368789701b4e580e5d3b926f2bba950240a1129b3bda293fc2a51bfe49e06e51bf18c711bcd2dfe4198f712a582327ba0756275616d044771efe509f7f25b471d16871ccfdd943d2bb6bfc728abc112b68dd667984851642ede9e3083d5c0b7c83b6801f95ab75474f0f191d1e262114738824b8068bf962f0d860b4e92c28f774c73c5c61d7042ff36f3e255f6bf59f2a2fea06b248c613787bcbb189920546adb6280edd62f3cb7993a3a84d7f6b1d64e849663d62dfa1db72b8a3b22f6f7ce95b039ef77df1c9c5e7b63d8bfcc703337768fbe8568bb9e7a7fc478a6c28c58e46227e8c64ec51c8e1cebb7093f834502426791ce43682dd297788f78fb81548de84a84508ff81b47765a274036c50f06f5c773c7adc9cb360dbc8c403ba016104470817bfc0235f1d11ff12c16b74952c16eceee2083f06673d032296fe6eee6e212709504de77722b127136497aa414bcb5d3fae71420853edb697409c5bebe0c66a884522b882276d1edaadac84eeeaa33302ba4afd1e8ee3c99706f7aa69908313fca1a34ed32644a0af8079d2889c8bb3d6d5d02445b8ddc7c491b896abce08728c59c22a0ec6c3fd91afef44943922c09fae3240424a6d7adb6a50c2ffb91a50698232b6829605e0bffa1632bc6ff0d94b160b6088a46f818bb57edbcde3aa6832585d9b9d582c268fccee531c4fe2de39c96209435ad2fbeb4696786480ff9ee62813abfc2a06de08fdb8ff2aa3702815989d8cbc595f2fdb9044cb95d9580627f46f3a35d7b3d10370d0aad3880c361e68c82399228df92399afe9d8fb6cf8f6ee31c9498b6d303f4a33a420348b34c3ba6c7f6a22b298e4b298368b10f28492a34180cbb96df55729d5f78a4bd2ed15dc0c9ab6711f2dc3688dbc8357cb07dc019a1c96c5aa8dd9c809130e20b9ec3a7385cf01f0eba30dabfc71a244d4a601c7ae691cb5c58316e94f10a39824584b27c946a774d2bee4cd9d0527b6367c45c5e23784b65c157a15dccf5e2392c90726ffe43969f983ed851380cd877ca3dcf40aa9c680234f58fffea2c684ded11b53aac35e5d578e5dda070644e9c0231d46e612b52cb103cdd94c5e4f834b8e31825d7f2480f64839ef80e3a071350b42a1958fff75d254e9c46777e70726ee3637291397921145db2d3e812300bfbb07cb4d6fba1c0fcbba99bda90923af40f797578a23284415e5533461dba63ad9771b9883d6dd1915ddb84625231179acd7fd8a12ba0fa74235827d09bdf23e3ed628ec1b9a38ea2bda156c2c64ba9c7d13842396e4c4f7a105cb80446e495fe57987f0401e81c51c0a8053cad30b6138dd37b35414efc1ce3bfc6b82900dcc90b6ddeeb925505bab2f20746b7cb8650f4ebd017b77dcb6373bf963b59e7d3ad5bd3ee5ab45f3ad93c9b0554e64a4fe2e886fda0dd3ec8ee83a511effcbb3ff187618563fc0f7237329369e031b387a563e32838c0100e0d7ce44fd214263d47de2ce3a00fa3f95b7ae6afabf919eeb18826f45602a42cdc1c11f76c2fd134edaa4b686f129a009dd3f6970cd1a55be464680d844c0ee69ab03c152d79ac50af40c1291e5cca6531a4833670c19c7cfe409840c48cfb789d0019849633883fd4ecb2040b43e465f66129dc3999edc3e4d1fd7fc6aa155e6882fccaa10663fb6fe7dc84a05b9150cb6556db1a363f79876da10c2c42cec55c535902737f193e14f2277eff39d0cb3c5bc02c0711f598bb9bdf61c2e4221744f84a3d1e08091bd51c03ef0119d06b904f7f86a19caa2e6c28fbffc93ba71d4d1c5ff5203c0a168358cd0e6be5ce25d2fdc593a1555ffc68b4d72a8afd0fd9cddb50d1d0004c44e3e1f8c762465a6f7dc31bce6a7cd2d4a40c01630f26671d1e6b8475fd76bc972ca7b9d87a47b6b7727d3e7a5ea9a1723a6127e8d2058ab983be7bf02dd6b1e4043dfc314670c73aa52412a7f8784b217ae97ffe60b0ecc25f8ab14e2f46b5b2c86b48155d40a7d0bcc6cb951f6ffd1548d9258a74a0a015144ac9092a5b10cf1c221ac0d13ee4b372f27cd19556600ad4c4f14f6133225662a1115a89f2380b53ee4511857db53866ab6901aa05951c78f22896093f4dacb47a684cc8380bc8d841f840d068697d79f59cd15ba932de00fce49f4fec3ceacba760d4934232b62cbc41b9a4cae1e58a8a279cbfa63949f22f058de099929f1b19a628f501e3b071352f3fec004823e7123f001b94f51fe6cccd70458e412be57e0ff6ef17757196fb083a12cf5bdc362c884549a041629255ffe2e0c9735aa3c3653b97e31869da3f5e5c7ed8f7fb7228dfd7c06316b3eb5d8027729f58311b09a756d0691150ee9c07218b5110488b8fbed4f0db60a9e8ea525f4ffabee1edc6fab9a0de68f3c2af240dd16d95629b40337720996ae4a8193466d767d717a1d1c18148cf84ea67c40174d3a50971adc9ca2da3a1ce85bbde72c45bb241d8ea058303b26f965359b7f7bc364577947721962dcd5d760118c8ef02cdcb8df9de440416ec866a54f795fc57d1ccd4e9cb970d743f254544d9d38f1f67aafb1462b93ca2549ffe13eb9aab047f9a2b6d503e823362b8c6f9e255fc342e806e65f1a1dcd6549ce8c00b365a16b03825176d6ab2f47074cd1be7449f43868f9c9c1408aab70242e65a1c3e5748b0c60aa978d45eab452fc65d6f12b205921ee4cdf53da28e6842f411c1e17d90eeb43d4e6e307e9896d95607fc623754250c61a9e44b22ccb03163bc013e7d80466ab702728efad93aaa8cb03c3990d8c5cdfec59234b878000b5115dea3cec5bbc147a8d640f27f207524e61a7bcc80f3def0e6ea2d6da4b76fb54d211a6006011950cabfbbcf07821131a466f58c2ebd083095f46648952ecea43eda2c1a93ba52d613a187b78c9f3c00e93a81a8c90db04980b244d7f6fa5cdae78d6eabaab02c4d2d5bc12185a25f66923e2196e28ab192df3ec41a73423812ab69849c8e9c41c30e8ba6850f902eaf90b8fac9bfae8de94b8b2811a9008d48e7e8024059ee23d2011cb310b0c579ec6900113660f39ec1a4c755a60913751a0846b040fe7f1d023f89b625892aa95ac04a7dc37d454842add9f8e168736acbba94af732b0eff4b24a6eba08f320f156b585685ed82dc454cd91ee893ed77f509d88d1b81500af8eff25fe95d61e30f662f3569e5403c47da29b25559b199286fff7102d8069da16934c5a7d37cfef601b64a570283c43409994f0393913dbe2d05e6bb23f900fc296c8be480ff2a80a0d5197befdd1a063c8334366827f70c58a139199ef33f5f9fb26d3940574e1e1e3d9ad2cc74d262d8402b3a2c04debda19dfe388214aa1c5af4b3f4899ca145cd06566300d08fe21937e5001b9b7dbe507d9d18c6bfc584446dae341e2e40198ff1357db99885cdb9c5bc3514b4317cf44f5a5c960122bc358b8879782a8b7700bb37550825f6aaae46c13ab4373bd54251475095e5d3a2b573aa2568de247bda9b600a08359ac8b34bee7d0a47338177bc0cc61007956a24f7bb5552e20f1331b6bb1e2054a04402ea67dd1c07172cdc8b18cdb907ca30a51e4d60bcf18bcc88435c61beba8445170614914b346900fdf472821372ddc72faa78e1bb982ed7d04f3e69ae4ba5d1982fc1335f364c0376c9d39fa255110de5dad5ef9d76a9a63d127b5775e568b9aa9711945bb1d5f0d69f973adfc2cfc3a4955c24828927578a88d8c46adb1c34907fe034f8293eea44dba690dbacc8ec5275ef1795421f33c648193ba3997a0667b55a27e74e85fe88e7cdcace3799eb08a65e64ac4ba28389414bf17fdc86801ba7a80c9f2a17836b81ded61b3fdda2bc4faf99c420debd7d32047c5cf74b2438cbcac7e7ec597158df2d550cffc65b18d97ae3842e1bf883b5d805ff5cd7c1d3e4c75516e8b5b30e6c0be11d2e9c6eba027f258f894f20ae1df55504eb43faae158d85ba46fa2332077ae8e2507fa20a11585b58c3f137d48ab3a22b135641774f847a18f8af90f534762863ff03d6dbf3582ef3e04871186ebb0133368c68bb8c9bd57799a579813fafe8164b79ca2ef34f0c9f534f40889b5e1f744f0d5381e5aca7499ad56f7ef84ef4d0042768f3a25ba3f47226faccbac43ede9f3d2a0c69271c3c5d8ff810831b08607a031a6c3aebfcaaa0e2d7df39b1a99f35b6e0e06ca3d34edbe1196c2ec992873203cbf5c79597bc9896966a8bf7e690b0297cc1bd42b06d0c8f2364bbce4ef945f114fd1bf417ffd5fe6be1c932caf22f985e99209ff65618123e8990c2a2092bf9b7235e3f7fd2028be313feff0fb1db6dcbb8ee485809dc4dab0b27972bbed12eae1ca2ed2f7ffc2a14bbba3d8797650521e44d8d62105f21feba37ab232cf4893ab9d1d1697e42bede0293b5f180195549a6d405f25f0ce78202533fa99706c2d3fe2df431b52b1c7745dba74d94d1ae49b891e9030d1a3f9dc37fc366b09b5fdbbd0c53e4df5d2d8f432cdbc24aec9ad4f402a28fdd81fd5653d125200198d030fcde1bef807fca4ac1c65f392eae2e8be9f5d8fb378ad8b05751ce87a3fcb3ae1e5b99b4dafbbdea0495ffaf742019d2c68aa7bb21ed2b73491e4c5fc91ad82fa31aab5b05d73ce946f4e55a4ef4fbdfce3fe9bfd90ad5824112995037928cc37e745154cc83c77dcd41dc08fdb3a7e48df408954d526b9f97ac25253d33128bb419416ddca61009d7335db29f3903d6229482e4f07cb7be29d6d38b683f988c2f96da75ff30e7fe845e128a80479392453f448faffa331981b15e125e02e170681315f8e0c4eaad06edba30f0122e62366e7d2107454e0f1b9c62c34106127bb3bd5f03cf2ee2bcb54f5a4b0b4665eb556dacbbfb72d9cb76603c7c41f3e44964259a33b8eb51b6a8e4dd6976a9a4f0f5cc6cdaf3a80312a8660193fb20d429e36c7ba2df188fe1c1dfb57804de080e3889e151aaa0ecfb48f241f42d45e1b61f1d8aca889cbe47f6e21daa639fc362caeed403ef435d2a8c5a745a878100423696f9231c54931bcad90a28d38c0f70e48cafe33dcea96caa0970a0e0220cba749121f4510a77da59aada3721f01374e047efa23a1b9e07b31edbbf639bea2924c02a6e516c840b4549bb7b079361466821669dc5ded7328fc541deee5eb9a02d88e151bc3995f4134172d63458f25e0f3faf09ac81938ec4d0818d9f9ed3686253110ff5a6503d4c8acf2dbb92d08b87e2a9d9ffcaec01f997e6a5de1e4508e9c7f6afcc68e0cdba7b79d9308a0817ff778bbb4ad72d202fef44d27f926c5667e12e5440e3b446cacd085681b90b228f2ae6895f661d979142248f3d5219068cb849dc9a7db45b24c970dcb681eb510c18b5d62ffaea7a6909866ecf1e29e7e429a0e45d1ac08375c494f4ac31a63b93c0b1edfcc64eb42407e80fceed6c8c7f2ccc5b4c15a73fc48bf4a7b601b701c9c0f7bc4d8911d29353d818063302d8130c9061f6f9affcb44bbb2bb5a2d0692c83f2cae19d04e1482ed5f9ae39e3ae014ce7cce1e388e74f4165f2de4d163cbad874851bab24044e6407e2c7348b8eaf616eaf74f5eadb1da6415cdb34c32951a5dbdb360fdabc348e78c752536a1e3dc7a32776bb2592dd99d255a7f340d450f8ffe8b8a21d7eab56ce036a5c6611b8760c2e5f81482bdb23e1764b7a8d158c705f2ffebcf6066c3f583aefa233b3e21fc678284407b14445acaa817f1f60ed02939075555fd2a8a2188dc9f88def4b9f2bf269a4c75103675c983a41f1d0e348bf1c9399855fed1e038b19ed1b052ef79dec267e5cbd231f9b6adeb9d38f14a2b037caf9191c60f991a6613a8fb17c78d7174a59d31a5f0a9274859ff87a7c4903b100a6c11921adbe51d59d159875ec05b2059499e39588187a9fa1d10b21da2fe007581a4bd7f244517851da515f0e61a0a230535c6299ce213219a7389ef210311895dcb6c017f8c7d6c12d11d791d31b6c075296255375f1b38b142c97c20d515701d3b0c6cad7b057b03f7f0e8979527d15b755800992ec82b1fd133695f73523b734dc94682b8f22c20f040ca214d299ecdb5b4f489ad5d3504ebeccf4d46234531e5e58f49ce1577fa552ea3c5f0eded71682c9406f1c3fb170bc8ce5e6daf9b55a75b2ea922bcd22a5127ad0771aaec2d960b81f0b6ea1cdbae14ae63794cb2df449a1b5d437e6f829f80a5cd2e7cfeafc4501baeb5997ea604f7be8a659f403319badfd21afe80b7bb664934a11498bc9934a126071e0704d7a30c3d7b6d3db37c975e6205aa43081f0e5fbe44ba0dc2af39f84b9fe6c1e28926a25c7e4192eabf1d742295c39e5c4ab9d862c12e990f3d28bb31f4aeee75c310d1b99b3d9f5c910d89888bc5341bb269853bb7903a4ee10c21f064871d7266e4b91b4d3ae55c03e579c42753bd4ab82677c325a5ccb37a0698c67e8fd4e35c2805636c769c4ca24a94b0180785f4f81819a7c118fa1f591eafe430142498a97fffeabc9b170b5f2bdfd6e11a51103a6f14d394b4d5a263b807b7f1f486f2c363876e052447c87009646ef136bfe4ae5b39962cfbdd897c4fe2e080151d2fe204811127b9b2534f3e37c64007bdc9d52bb970dbea7e4278a840a4bb56145223d8ad407736247b7703bc114b6ac04b4b1eaeb547b505de424bc64f394ca6bad50787adb49742dd5dd9243e83e354b58547a6ec4a1532a362170d51fd4deaf503180091c53380db3c3441aa569912bd489f6dce54f012d5efafa5630584d7394a53f65f28960abd7ba41ac19bb95d756442ebfe4020c2b354952738c534aee5aeaca67afc671e2692a0b167223c162de6c3671b7a263e077bce9997c764cf4589e4a0df8a8071fb10cbb295a4fc769196843b832029834774aea10655294c183b71c4bd34d186889335307f990faa56286688d36e3aefa4848618feac7b00712908890456be664c4b0d29c5b95fcb717c8db52e8c20f702e3d17e4c6c97f81d52fb4c0b75a29a90c8368b40089e44614b68215a4ffced060905f3a41541481d7124e8e7890f2f5e8ecb9364bf42e66a6127b5b88064275329724be6d9ab7d1987a73c61f5f4f10bc99bff1801329623e7f5d11359119fda56ff8852fc3018b2c9c4af8efd8674f858860fac6c6b38935875118efdb2e61e716128761eae7f07c0d2fe71984330b1c4d10201747af8c786e7410e252d626e89367aed0b9b00cc8554c218be1cef543b494985be7f2cf0d65bbea5da4eb77d6400c0f50b24217f5391db1e5820804b42312cf3fe4e3a2e376682486001ce88337f9edccbd7e846d3a27c7bd7da1dba3b0b2e61c7a5ec2231377600828a6ee0001e34d8ecb9e31ff8f3ce4b9237dac7003719829cc974f4cb4c2ba5bb3e94e10e1718fe6ecc8bae825bf9a51c7c97d84c0f4c9bdc929a958ec17e611ae7e61d857a9b6eace530021006c41082d7446c5e41da4f5469fae275f29d4feef4f8f8c7c6a5e624753710057a9736588d9209c08e98f4f8e63b3ed7780619a0b1998ea937de5fb183a4f73b609fb730155b4fc60eda75ec7a3d080be8391acd3a5ecf7b5b76e0dade2a813b5911445d90124356a8a885d4176fc298487dc6f52c3423c614d8374dff863401ddb62afa85da520e1c3ad380972dd333d8f704bace8f04036ac645c156f39735ac0bb831312fedbee3067c8326ebc6d5a9025f5fb7ff5a4def951899cc26716350f1a66339b66eb49d26fd60b37a0b20d154c8a4919a1ffd19c548f19f1e25c25e8548e4cc4a5c83ec0f76e2c25d0a0d852e6fce0ee98d3ce3f75049358b93ebaa5de1e6af1c0f3f67a393f86ae47bafb9e40f0413d1e9f48e3e0f57faeb152acd7a15dd6f05b68ddea88e2d8091df0a2079430aaa2d0c362947bb5f506140217072a399c46815a448ef8778b501dcbecf22e0a18be210d568031d537cad4234772609e2a384ea72f09922e481bc5528110351a3fb2f23ae149066ed2ae8b37f8985f5868ab6a3624f4c0309488a3e5759e82afed0e48a10bd42d6f4bfbc1d86699658b9d6702bf69181c43b90d2acc083eb258ffd5f36eb00c8c0a6e80d43c286c1132d7b18f1ef9ae67751afe78fce7729d17767a9f838fd821b55f6c4576489ca05e5491b6fc6686b97c3277858d8e23bad3ef9483f6d110561366ee4f493d80f26cceca9bebe27490aadf8ad92667db102fba3d5f8c737ef1c21a0d44a1da47794afd176918451afa64d58d2bace261eb911149adf329d40135ba87efddf000fe623e34b7c2b2bf080075cd199d9dd13e6d911d7b9e140ed5b45129e291bc7315c1f8a3a6e7512a47d31d2abea9935937548e529b8cbb8eed301201b60887281996b84a88cbe15d819ce7817ff8b144613e8f1190654f9ee35ec76c30b2cf34210566b397c657296b5ac3d7b91da686ebf8bd811b269551dc4b97c051aa4be35e4e42bab576f64defb810ceafe19926f6c0402b94cef8b78973336af5c84d4a80d38d00f8c0431f4484f7a023c9ce3ed655c4dbe7604bad36e9cffea0e397c6fd772366016be59f483ab072a44cad65f9d6c62b1bf712e159f030ef00772aa8d8729c4ec0b6fe07117459436ae74b1bc7cfc686f9cd935bd242625c5325ec1cb494c5924d9ced79dcfd6900719c68a00eb8fa6641d56a1911376b577975f1748607d483b1494ef6c8b0d593a46584d3c4ef6e985017e3d7c63128c4d8fb3049dee0aeba596ed1dabbb542dd5f934052a3716175680e177cd2149a187866fd234e04d7a2004f5eb067a16ab4a4280d5a6cdf474eb0921aa636cc4d3bd36b64c95aea1591457521d02ca398e274fe9b744abb4ccd2b282eb5b5d5074155ad95e6b57bab67b383c924704c90c79364c3233c907096481e955f2bb507798ed9e5cb1ba9cd3b9829be7794c3ecfce60a5ff3e9df9ca87cc91cff742ac88e8f34eadf5b813c49b5a3faecd86c10f432a4fa12cd13bc406aa0f9e8f25d111701eaa91393ed301a1a52c7036b73a32e2491dc88fb46646130f3efc8c4d07ce1733a1bce7077d7aa677174f83ebd46df467a0f63b671bb0a9e369f087044c0ebb76d3685e13f6e437bfad60783e79285b1218494ff3cd8fa198e0a8633af29b07d55af53abdecbbbbda1e0ca401639f2ab6d66d4941fcdf22612ec9f00d6d1cd48b96b7167595f483e567dce7d7b572fae9c7fc882a9329f589129e061a689f83ceed046cca19fcb4d527a15cabc535894490e51ee5072b93d9105754a583442c70a05a4126cbe62ef88eb5ec7bc1dd44839d54cf2b4aa81dceee24dd20471a24d94b3244638b28b474633abf449a2e47f4d4dcc46fe8938c95a32b4e163f7bdd26c36a237c82c74020dad5b476f71620db9fc383764bcc6ba5a0652f2f1c6380a07971584f05657b60ed446b7f42494ae4b49ce295974b287c0593b516072bff67e5fb4b75fc95ded514a0ca37793041145a117ecd6c8c4aeb25e48523ee3773430ec25c33134d3d8144b2406dceb36694ba5baaa265ac0ae56dac12099e753b24c62448b247fe8c04d3c3fdbc3f259c7a86836dc3da5e0810419c0dbebad5e196258cf5dc8d3d2a150234fed8dcdca47f009034c8b0cf4f4b856b2a5065545d4dcc0711feba995643b051a5eecb20341761879b10935422e5c9795b8ebe160daa92e9d1c3f7f04a972f2b28541728524843d9b848abe643ef1dfd81c6e701728f1e7aa2b8ec56e7108c3851e26f5891313e97e6b32a5e3b22e01f9900c3251468e2905b3e3bcfa8884881ee92dd9ec600a6f2afb599624dfa3890ee2a3a6d05ca11f80f5c437bb474cb90fc987012cdef55d53b4c230ec6272098bfffeea7ef4371f795cebd9cb31d990a66d5e30ef2093f2b2bc99b1a61ee2c8af78031339d388ac138e46613b857aaf11123a5ddf43a08f4c97e834f2df8c929e592e219515010bacb5eff7bca7c4f2988d8661b630a3bd6698033a67562953817f604e9657f046ccea9465d05e0b7c879ce350c3844fb4ee112c3d0dc8b2c7c7e2b0f73a39c35173806d6051bedb1851825c7319a8782575ca80215491fdb793304e2fba53d88b8c280ff3aad78151aa3eae3d4055f3bec274be9df2bbf7dfd4d928187a9096a728545ffae2003071077cae061eaac76c313954d7f61a7df8566946bd7aa9c93975c31c247b6eacd0fc90b5060b861f83ee517eec9535a9c32a9aa60432b7d957fe77843b3cfe780e4cf509ff34136f359a72137ad6c4bc73f9ff3d5303de1d1a8619aef90a6ea68daea052a3e115fbe0c28cad3f8954e28b4ae08995fb06ae5f7f1647f9135bcffeaa37a202ec5a32b1c5b22e352dc90b5c450493b6bd3e62ab49a23e60cb92ff253b7d4b0e887198836b0be4f05c14d8870f9768763f7e7f885f5534791c4ffb0d96c30e71bf2e1eb9699ba4ce238347018d84a933f00612ef814c2b8c5063bf9bbd6d9b631e9b0bfd10da0e17acbe8d262baa0fff2b4968a0827cc23cb0ae299d83b3be7de2fb0f88b67f032bc92e8d1b544226a0682ef1144e1b166120a3ef2985d9c348bf4785d3bea9b9663859487d98a16eea15fce4392583cd3693cdba1aff06c859a3aef2faf74072d70d62aedbb15c5b0b5d77cc7e43ca6bf65505f0e4defe79abb5e111ccbddfe7167ed200ce3d49e28dbc8a7321bd57a7da854c45607cb20550b89c2cc7c81750db573e892fa491898f0ec01fc0e6c038a74802be6996c298584dd4764c0b36cedfb8def0151e8811a0b18b06d8cef52b00f2be448294e07407174fe2b75b8f005b53f1016d898164bc51417e9368a91923e4d3fd428f69ca1e85796ff67da714572082092bb729b0d02b26ee22fbc3f86e6234096fe54f6b90ea29891cf0c466e3c44f646c6f660167d592067e7de4b0f5657d1283d461e1efc188e4c812034e3350341ffee980a8d6dacafc4388496de7501376100ea89fced379c10864f0c77ec086f350ffc28cc7e8ea396567c41e27822cbec016272c975ad2667a5b41379a3f68a9290bd33da52a4b01610a1db7cd26431bf547334ba0140c8e9b741d85c7763fde1b3609c313bfdff76e37f1de3e8b8a60503198fc402b43771f0583fc5eb5ebfd79a0d178335ee03d9aa31422f96a06456bba8c2aa160b4305b201b64223ca627a237880ee2ccf9efd931fb84c71a3c7168e54e872cc310bd3fa439054a9741b79640fb38a01d5ddbb6047671d8ea7b82cb16d65f4ddac518d8b7a178b7eb29abb9a03487d5c03234515e4cc2489c9e773b5de4d09510b5652a83026cfef0c26b0f1593e6a976399be36579484c7f881b9c860395d4eb6c4d10e3eb928a853d4299dad65a85fb34148527e8a217be737aa9b491605d936507198fe4a639fb7fe2349267b46d1e9f66715241c4175b0d8d9b4fed274b5f35f1ea5e373447e417e74597d76a9e02dea917b063a853fa677186c6c6000bfde4dd7286ee760648b4ef184969cb60cf88ec2e33ab37539656e414bb5b864b7698df69274d3e1876bfdcd2e8513634f966fb837c60003921d5893be330b72c18ee6fc4758995d7d39950e1f2a56ab84680423c7ff10f58b52e0906557f69b35d4940a3c90fbfc9a2c324a0beca456ad59987fe19528d3914f259e0c0c4953d7dea624dac664323cf82bed96101d8fa58e709dc5cc29951ffb9b66bec84af504e27ac261dc9563ea8eea91234354223bd5be09c6072dc1e46c96f6e7a6538953d63afc83befee612e21b6580cdab265b17dd694dbac63c0a87b6f3331b0b968c50e2a63c3ccf8be07b4d223a02e8984eb789bee9830c8df498ed69d4833baeef170b55703bb2c3e63e2bf1bbcc887407fa6596cb3dbec7c68df80f54b43b5bd0378b098a87dd4c081f0149de37fb7bad41239d46722d38495fbe3a0733d81f58bfcac59d15140f93ff02bb9f66a3ac0da4975cc7c1d2e16778cb24698ffcdc8c87d6002f9096464d3173f9db12592982eb75f289edc9af26de9d16df69c386f6daac83e2a83f2b295691eadd4f87ebbf3e5c47edc17e5373190815dcac18115f71df7fa16e0a268d495d3ce8dd5c5c3348f46f5830b6ad9a3eae63ee030165da8a9680c961bbb5d48099bbc9fa5c488903b6b5c6268f8d38ab9833a1ce3957733cd3cfc6945ebe638a0b486653654849f04a1875fa1dc6c1aa74b160d43e3488ab0f796a8660d50100a78470387f24d09b475237c1ecd08dd40c6d060b5ebebb3ace81246e7d1196e6fde8c3ab6159d34d84acd1fe56a239c97993f8727316e7768c68dcf54fd00953689f24d8712ceab7debf15b0dba2469e29d40b959c40c199a682ef97dac0909a3f022f55f04c1846bbe5c224168f872bb4aa7f83daceb8d031b973ef5f02fec46a8259c93aa19f4f5819bcd945002cafe297898972943b5aa7253d548221d9112b9cd6a5b6b8e52f415b73edf4b16a5e1d02a5cfae04aa4d497046721fab76a68ec46bb4d392432a7783b62f4b92b0e7240bc316107f0aeb033195dc81c75c586b1f6c26e14f9f5f04e72229e452d805e1d68d39448c10615f630410d04f796cff4f7d0e956e1c8d010ccb86626045c77ffba637f781a094908b7b624fbaab8784c21641aa470edd573ee7c76b9851f60d6d936fd57904595ea6f07baf4e75777cbb61b2c83a9cf2cd5d1c0af913e13f32a660f10430e8726e089e13a170d460276427cd522645355936a18dbdcabc0911b68e5ab831fd45e3ddc83bf962783c2f6f60842cc5d513d16bfa86c28b4732d57114a83fd7b7214d8f31bb02e9bccdb7c6463e8ff5360ef55ce63a5c178bd1716725a95d74bfa0df45c3edb0bac7ad7560d45cfc660629f90e89391e123efa3b63507c903433032aa7188f4cc30dc5ae32d7bf37be73ecff73236ac169cda7ff836a41309d66eff8d2925ff0e2dbd9f75b9b07d1ea7f9fd68cbb90b6688b27c758b76f27fe5346288d25cf855e990f0a112c5eb307a822d2495473a54ce03d99d7371e2613bab7dc039cf9b6b2aaafbf84a24df253cd4ae3256ac59e3f68498cfb7e941ea802f096a15ab610db8b3ce70114d2dda5fb85eceef6c701842ff2c335c4cb5f2d1b9b678238e5467f6e9c5b8b62bdff81af63b9e6acc62332c1e4b0ffcbb72cca12e5dd9dc75acee422b826e590fd7ed477b9ee518aba945517eba61676a5522dc2649a84f9f66465aa6e3670d20e78519e85146ed275db665a31c727e72a26bc4fed0614403714d73ad5ddea8ef5784fb88b39d64f749285e1d25fe22d57202542412c7b6b4f5324ba750c35bb70f7b0fc7fb0b6037993280e14763bb9966a7fc2c62f929a336d71811dc6932fe2d967b97b705d23c46c69ccb6be7f37a73664c99f08aaac94a5423f05b5d996b3204a65c98bc972fc0ee99d309a33a3bff0e2eb4ea7c82eaf99510157b6d27174a2397f0e90eb2e4e1424c1370964ca2b5de477601e7233d30186be76a15b86d395de6f025a0d80013930b9cc5cdade285e09a00ebde8705ce2e9b9251de7ad7d22cd630573e45e2178d5aecb731dca0b12b24ba8c99048c9a76fa961a72b21be26147c0643dd47feec1f1f1346093e5551313eba0b77e156c5ce1236d0f40d421a69c9f7bc937e5c640992fe5e00d34f2c5b32aedd3618f430d223c7963ec1a802540b97bccf170ae288b299f7361c7b255f06b24f13bd9e0cb7a3b8d56ad6c21d65a51b25d045d98576cc9183e80804b5040125265fde30ee8af45fcd7bc6fea4fa07f83061002ce5516ae873ff66f1f1bc76669445bd81bde52e6861ed25b46a4e19eb8fe03f7fbb3746bd18beeb2f16347c0ea41eb6f7d6588e5d2a7e4b270d8e401d31f2e5017dadf1120e0d00caad01d1d86069197daa327afeb0dbd67058105c41fb642c5e57e981cd788e2f59ea70a38d97e64236aa4f83953e980c7312d31c5cb5ca0c25f76de9c316d2952aa7572c08453496032823da3ef0e57776f3d759f16970ed1b3ec0c1e72db04d8da732f888f5a8355093e22eba6d93d6bfaad0f1940503fd14f5e70b5049a5b50ad8a8e5204b9186915e49837cec259cce906040a0908470d934b2c7edb4645d4cc5266239aa4af9e38b9fca9d60c59039633a12f427316630b58bc2847d5b4bae82521e307b1b1f376367e50a0f3746b9432ee9e6e4ccadbd79249915cdd03f8d0710f8e62fcec297b9deeb244f61df593ef3c264d70bc6b7983f45895919a27890d9997587342c0e7fa0ddefe9e087437f75bb9d1e562bf7f950b6e0e27c354b6f541b5fdf7b1677d1fd2b49571fa34436a910aaf874bd0228770c1fb2e8fd3edcae85bc7ad1bfe37ff8b41a0297c4bfa23ececad197ad5ebc6cfcb407b4a377efa1a72d18d940264ad208d80e9e90beda3ab5fe1f0186e0b5ba4283f98885cddb51dbdf38b29f47bd464487dad23d5a028ef077b2719555f7d277a0b29c3105762fbba644496b9a1574d71a95faf3f59fbf33fe8de20640ebee833d9efe88bb71b9a94d37a56c232288a9b011624f0a2bee56b8d1874d09682c9a204f6ac3a6f358f43f2816491e5a2f1f595cb759d21228e2e71ba3e4979216b409a875f5b7f270ba43114075cf816a0497dea63fb5ef1093d1c5bae7db97ae015136c6fe1184a6b662f30dac43fa5ff68c49be0759e9aaa8c4c00baec4b9bc61bd5a0aa1e7d7785b0159fa5c94027203f9b8bd0f27a878dec04a2e0150bc692d6448789f5b2e8a8453e06b24166904db700613558b96fd7443cceeb8df4b0be26c1cef7f14909ecf7d22ef5c6069fb7d4e319446ae19c8634898d38dd50de5772348db2c73a156ce40ba5b6fbd5ce42a47568e9bacf6dd0bcac3a56a67d3fa05ab0f8ef682df15af11df5326924e09c5195a0e5b208e00aa5a8478d00a08376a5bf133cbb938843f965978e5ad2354713d3e762e01adca0ca6a7ddc8efa281dbe68f60d86395b7d4750c6e4dbd6ba14d81fab2921dae783981ee898ab747f0b4248e06fea861e1d3c5fdbe91619b3883dbbc4e5ced0eac71e4a1bd5faa334a99380969a5634a6233bb921ce5b484ed538920ce2392d7f780133c58bd80d4a5f90cd73a3e5f4e3d72c00013c7a9e33775888996ebf8c28deda2362d66b992bd5a30b00283e876ae9ea405494b41d594eb14867a907fafc159d92e8ef39c2944d4d079f6a3d20282e8cf912bba0c6d102e52485a8155bb68ee86022bfa6af7580269a15593fada23bc7d82247477eae4ccfae84958bf0757b1cf577cc2c1aa3c225dab661215295b5a6a70b224382b56e805e38b8f9ec39f472a32c79a9ebf7d2874ab5e7f9744d9502cd6da76df790596cbb4366165ecb26e52a7f0cc6e47af4244b71569d2fb0850035d77547dbefd440ce19adeab5a71df3da130bfe78068792d38daa6a9a3a941b8fb9c5350bd6696bd7cee5b9b456dfd2caf6a74b0ebad7689821d63f28d021f2e76d3fa95eefd6f9facbdf65e97d624f19448e5ee8c13399fda0c10a2298ea0af2f2b4c590f525506adb3d0406650ba06399ab63b45d51139fa206384d54a78251630c3108b22a66afad0fb06592555c3db1ba63d2803d5e3b6ce190ee911ce25f7c2d304f95673f311b7440b3b5897a5179476398f542195ac104cf97bc1f4d80766bb6c3f853724b38fb92303daeaec052b9971d2e4a68ff60ac88b19c961e1559f8b2edee3929aee1cc994544629ae041f574a8ec3f01a1e0f2daf7785b41744f0f0f8f21ec390208722c3ad03b0b5fa76e15d8d3e9662422a483a4155d025d3de2608d4bedc614da8a67b976d9123b15bccda9940bca2f885d4ccbccdf93900ea8c816573ed61c89db48cefe645b6b1bf608067f9e479e6acd13f5e9f48d49ee8e38681b8b7c6eb638c13b9461aef533fbc8565c43f65e330393bd6a79a6bc3b23613e42f7d597028356a3638476752b47bcaa5b1795be57fd435d1ba86499d7de9ea2fb4ccc4f5aae8742e79439187fea29b706adf42060c72b9c9567b9a48122e53394eaacd7e41231cb4ffc586c0781e1f1a8bef9e7aeb5f582be98fc581b0931033efb1367ceb6b6a43c1b145ea4c9509f1b918ec85fea3522fa998e656786d5521b12ba538ae49ce986db2ade3a5ef2e7a89d43ab024723e4f90d018083b6c5a8bf61819bde6786d20b72889556d67c51d4670db74ca8046a4ef3eed86489659df3166a2161279c21f91dbb4c3b40788b7c3800dc1262bf33f09b4612a72ec9064277839059d1758d2bcd1a48dc5706456a32a49f81ab1b581aa03254bea9ac473b23f5efafcecc8ca1286be170d82df9c6206e0485fb2da151b0f83b534c876de89cef80afd73254c4b5eea73f5bac4cc2079963fcc05ac30a8785596fa306e914c877a5b5111cbf3ea3e7558e12dc8ad4808582e4bc6cd3f32e33b48e50d4934779d38d200561cb7b7c70dd7ed1bccb29fa62e7f3fb54eba34a1632034e51b64d815b230eaca8526f38f1aca914f029d428a2162ac2c11fad7ffd09044712dc62e8e973ec9c69ef4afa1a686e5fed246e67ff753a4c84c3c4b40f39516b9f27381ee96e829aa753b060e4dc9f6020754dd25dc887498ff1c2b2109a7ea8698de819b5d4693b54cf647eaec4d4e03e89686d26a283d9e4b9a5bddadc79febb0b221d8673a43359dd5d021de84f3c1b94bb266f9e14f7a5399a2c7fa83215fe053a641f1865dbdd60654a756252ab5a9f05d5a17ab174af1a0da1e6d3ff8dedf1e8aed1a734336c652830fb447710584fe0315cb086264597d2ce8d05fc53c3ad5ff7304364749cc06799e474047aa8fac6c5b80b89743b6504ef68a2d3415474a2668ab1052a8ef03281ecf3c117ec3238d99a8cae3bcfecff968d5262f729e875a1864bd132d47cad33551a758f8094e8470d1ce0bac50e113eec8da71f17e9de700b10cb936b32c3ee42af0ddaf98c4139b939eea385bed1dbc16d8be2b23d1fe4d9b5d391315e9a9a8a1c2797ba6f10cf9a79553d1fd40b93e2b8365cfc279dc83f6e101b12fe15798a3c5d9ccf97ffdd2143f1281f6b57b09bbd00fdc3c97cb37f74737e181777ee32416f067158382f9d049f191ce6ccc5e4c34615dbf69267b9f3f9e53230b91a27fc3655e5a0886ee8150afe2e4ffe46b811f62df32397d2e36616f991914d09c7fe2be29143137dda8c61bb277f8dcb20b73b38b046d1c11fb94ea1a1eee1873f0c9249987bbda774dae739c85ac4e7c8fa82361cd8619c9534d9623ab0649391fd6cef29a979fa93c1fe706e72c320eec1e2dfa5b5dc923a901b19575208bdcf6383fa603d2a6f035d310b406c7970ba32868ad7913a0720b1ca8063c60c8b4602a99abdf803010cb539b9eb700e5b224aadb4e2c3a9b2e5bb9806c58e71382ae7d377b94083c0d70a8cfc1ed861d5ab044ee3d5b37fd40cc49863ca227d0c2c37b1b07c0bec8774ef02824c2f98f0521575ddef24478fb7c3eeaafaac9976ff43172bf95f2c3d5f37b96cc20da86c3e9a1ce7850e4c740261a8647bf8ca69b1084bde6a0db3a3ba70ccb865a0a7912b4c094d72cda8724f146aca23e7612e00a7a26dc09313cd72f9ffa406d1683dac12867d7e4c58b9fea8acdd7a68a8b4e74d3e664c66c3a9a6d4bb8c7b30944dc1df7404db46b7f3f1784af843209f8ead871d34bfb483f740534f3b1b4a0567fd081bdda80c482f6f731744b6d7c4e1e3caa934a0e6359bd78dead4375e06e894829469058cb4f4b6e73253b748833d824599cf0978b175f33cb5d4f9b9bcdefd787704b3e51130c2e9e7498805c86755988a04e4b7f2834ffc8d5275171d6c26dcd7cbee245dbbe67816c9a7270c5cfa50337e9a90a68c36d4298fda8cd83e4fe0bcbc09bf292e719a311cf165442983fb094c5ba1ba2ebd57fc61b6dba74354fee6828a857b2a97f6c94d934db46396a27d2db90304461a6b754807d3760a252dcac4347d40d88584679343bb934e46788bc1f303a1b507a52223842f293650274bc27a30f4fb0fa9241f5f6eed48a4af23eb00946e331f2a5fdaadc112f71ee451a0040eb442e04b2ed7a131911b783bd931c30ee67feec08391cf8244f56deb47b0e0971c264caf49e6ec13a778f7134764fe848c55a013a2f3fb2f6f3dcdcbc04739693b4b63bd12954e200096e2ce1f5061c9d842dec552f49b34ba0ec910451eff4737536866cb58fd3c4a337a1681a6a6a9a6fab64f8a229d4eb8ece5f280d39fd99ca1f6f9c89a9b1a088b91b8d28beb76a109687f7b78f35ec46c88532aa4e06795e1d07bff8256186ccee1b35995d1a12354cfc41e241c93aa9aff55e47c24a216269fcc2ce620d53d24715f054a113641520020d6c3a62b4e490ad146ee7832cccde4b3759ede748ae19a59ebbec523f9f2ce76d73f3633828fc13d968190037f74186228fea5e3ccba30a1fc2b33b8dabbcf1df47c1a115d71602722e8136a0845b8e86b634e4e977a3d7f2a2d70bdf5f7e78e502b4b5e30fbd5ce77e9c5d4db71bee073b553f9c43b967950eac82b19f448a27726fbae4f4bf7eed62ea731cdf19837b9b7a725823681bc933144b3d7bd34a8ee15255b4492ca75294bfe23a68152175b37a99a30d21664da88047f6c30589f89da2a2dc1abcfbe4f7757f83469b9fa9fd498023744e4e722d4defbaebb22bc56144cfea0ab906bdec560ede3a4a240f1b964e1d0d70b120965fd0ff3c26068e1919793c6713db692c3ddba127b490ba3b513ca403100bf7479a72ddba782153c6d6b2fa29c5b00119765b1bf3919b6a8db820033a1fad1bf896d006ef52f25032dc9ebee7b507d0104a2bf92a3464132d81126a52444aff56b485f42ee36f7a65d44009cf42a6a17a073b38cb7fa9a4078e48e2979ebb585a924b8dc1f6cc25d4838af2b2e93cf26199c45c4bf4adf0d184748e043cdce492c13aa9a2379f2c143b7a0c0617dc41fccea377538a24d3d410f2617a04c51a5b19e47817959b56bcf139a0a1298798bfc73232638c59f3928cbc5e9e11952d0d50ad28932c46476cc97edbe038a41dcb57dd09f8427ea697a775009e954e6491482419eff3e6dfd54fcad2f86310d860342900613aff102015b2c68402838d05482c5fb9d3bcc59aa2dd8883129e59a48ba59111acf743080ad3e6ce98c8670cfe30d7a8d93eac725c91a402f420c45016b6c60fc414803c277ed98f03b613366f34cc0b30564559b1f4d51e88048dcf1febde14f20fa0af05afaa9ea81fede7b6f649c19ffc149ed6afd12e89551ad1bc8a8bf7c3917b653db6d15336c18cb4e9650fac7c3c9c1645c322b6997434b408159c15433a4d907abce5651cedc347fce922d973824876d8f28fa0b3d1ac1a2ce61c278f3e6829f91e4fbe7b8dff39d8c3508dc924f17b8794a3e7bb6e5b55b25dd6ad8c24d860bcca198b3785239e1e919828eaacacfa050f2b7d7355637892c93691adddd1c77693a161563b811e849e30fb38e7a4ea2c39319e38ca6b5e46c39376c7267c6dec4f12d0c1c86af42ed755294a835a829091f7d9804f2ab1562922199a55d1f52f9ca5d6813d7906b4b936e0e177d8b3bebf178fc6555dea42a0d5a7e4d01bf6200a390875b6f8ebbb4f73e2d4ba03c6b6d185752c126a14337b4f0b8b850596956377a22a7146f45cb4456ea061bc8c8841433285734a105ba8c7f6f972a2be1d542749365e091b7b1e75b6e30029676d0de76beabe3a69d1bce57109faadb6847228754a11e4b1923467f10de3388c90353c330fd942284c49a19bf1f8024bdceb329273760ca57772346dc086465891cb6a9b66b48ae9a95ac1f7a41b08de8b000c929d96e72036fc2ee76ff380ade0b3881ec3d8d96bccbd6c54d46f10d7654f4916288032cf59f10dabf3de893fbe87d145bb326786d06f083b20dd50980c9f5c5babb786969cdc745484a021de94d395ae1e7f6967469f6b9202f93b887f5e6dae0442b8a0b93bef1eb00cde59feb9f7963e583b303e13003967a374f3a5df1acacc5248f7689e8e68997c12bbc7ad8b5abb6550853ee0474b24738a17d006e1c663f693405c0b8f74f219d21bdff35c3545f66e8e0cbd14aeb43aadde165fa40a5a4b98194b912168e24b603628f88733487c347eba42b1a39949c7dbe12195e2cf9e9d82259d964bc74ce777f0b5dc22cf8c68771b02ce1f505a413d6f06266ae71c5587205ebdb14282f52115ac78172fd5dfd54e8eb2544a6eeb313d54ded64b256ecf4d94123ff7df74f7fbbcc3cce81830b00606e3c8e5f60bfe6bfbeaca50a3168200880e3586f3d0b4ab0ffa458417228316fdd1476413e1ea1ba6ed3633cab74dbd71fd2aab216fc0da2239dc91b76644f3183d3d56f9724c0cf613b11c52a3529bc41fa48469166b6ecf93fa7c6348c600e0bb5b76d2a5bee0fed1a6a3b7b7c05fa811877cff70d4ca77c92bd4d4e7ee11c1ba41a1a0ab0dae44630036cc42906c1eaa897e19f3048af6e6587184c19452ef3095db314f9bdab97f8c30ce4cc500ab643d99e2da570af8d23ca4e55a9cac55b28f288fb3d6804d76962ba24e50d381cb09d028baa4e07e9900f38961f62b54b37b15a40a26d3c67ad17195a262ffb674de173bac6b3be4ff278836ca21e6bda16387df89f48f3cc78b2d14f0a821749c15b410160fc48e72c99d63a8d727ca061069d94461cf4723de5fcfbd134d9469a7c918e8cfb5689f5a84e72cad13fe476a672c5a779b6d1c78357817d02b6a0a706d7d35299d2b2f61ec223c287cf3b2d804e73c261cefc1dc89da828e25bd694e61a893d34a28af20f693abde6d1d14afccf9d4d94a47ab847458784935de97934fedfbda5feaaa776ee32089249f07eac7d0d128056a263887e5ac9f7802c67dfea84601c192660bcd451282f7ed8f6a29df70560fdac117aa5c7ba614b35cd8b8aad1005a7a255dc6fe5ccfbd650ae294d4fc014da5d545bff854aaab02f1de48938de1bc480bb5982f137898676f340cbaa3a612c94b205439c287b31582ca8416b760dab2cecc98b23e918f6cd2344ceaac80f10b9df80a3148e6e97d6854d746ce1ace96168a536e2e0d2f30eda8ca92db5c7bfcd45cc860a8f8cfab60fb0368f373c1c9d1881c3a584034a772637549006ba451505c95274081495eb23286febb7b2918733e484d30ac473729e4388136d8dbccd240e223e970fc65abbc8a06279c440600f2a8db3156457ae48db948cb4059ed12c1054faf2f51aff8930350cfb174a664cd2ed3c59f3ee1feed04c6833aff172c9bb291659195e1301b445d1534e2489f47fe6d8dea5231969aa19ad6a61ccb4084eb1e615b78acddaa1cfec042cbc6bd49257ac9ba90f3d9e7f5ac1df2be7bb3703e76779bfabcbb7171992cd72bdf76a76d9e07b59489e01cbc321474ab0c9fd9609652b4788b85928ce9b415732d835ebea0fda7d5d2b08f918096dffd78b2017dd153f8a59f631a3655d18dcbcda97e0c7792d2e9bf0348a00b95ec2413f890d46cbc83cf41d57b2f73450c16233d01429900fd78c586b5ab1031efb1bcd87d9a7962d808f5d9b901262f356b96d62ff6b3465af840b33107f4f09964f23287dfc285e501f861720b870ee4daa3df3fcc9ebf4560469412756aae1028bedaa82cde3a986cb66cd1172ae2be4b64ff1eda5ab8e6455560936bf8fb9808480966ed118f693d9354574b8fce57646d7f4a9201079c3c3e15083ff35f99d62bb6a247ee66b055c115322e4176c9ba64736adcd4ad4f30bd6b60dbdc29dfe1205336f7802d32a3ad0faf1e9ddbf55924d420e63e305d1bdc8e9518486b7d0f7f3a28561270fab237d27d3bef2266062d50d31fd20f949bbb9596009a48c965ce20ffb6277502b856703b5d39ecbe39bf41a7a86f52a6cf1769f11778f3e0ed36c41fb989bbe9feedd9cc78b3ff24e23bf186e0caeca24eb86a05ac3e67ed769d430b41616fae1369429290616d17280e69fdc25e4504c66a02846294b0db66cfbadb3f027d9d5aa9d2b05eeea782a21c52078bfdfd574f48e1a9d84284ec2dcd2240cf29fc79d7474833bc998f2f738cee3d23a1a4a057fe39ecb0a01904713a2a716519fde6b34ed29ec16b91d7b61af0c0f815847982d33d04e4a6f77ecb1886e8832a0166fb0db888865700e43b62270feee4a299af433f261dfb75510bd2ec0102b7c15bb86f9e87f4fb98951bd021635165eb77b2bb98f90b841b8aecc1f24a896be359f8eece1592cacd872f4e7f67c2ffec8e85622e528e4052c65b68c42c408fa8f29fefe38ee86c5b2452468e71b851c2639efb03b0cc6700d49ab0db92b8944c896f63c005e35926dbe279276268d7610c0790062239f05a92d5a3879ed18d2e42ad2134076d55c0ab517160918c5ce4a5ea0b34ae753634ba5a2d3ec321177d82402a254daa622910bd2778fe81804ca77b05fc46962e15b483e6b66f69458a4f705d54fb9d5f484816da39f94441d91277b2fcc199cf224135667f5fd5869e65b86a080be2a3ba2b2d7b32e2685a2fa1aea4f1ea5c178b8ce4f93e7c7100d909b731e28aa374308a2f5c2f31a3a6600ec8ce10c0fc0d90ae2315436068e05c5676ebbb964aeb485de13928cff27d7f8d657d27f576fc389fffeff57ffefe89fff7dbe6ae50c5b9bea1f1df04abe1498ffa4d925dd5f0f432928a881fdcdf1cb68961062aba262a43620d69aeb328791008e4346f1f19a977d971eb9325d85d50f372068248d94873429ac54298ccfd34301fd061d0c0e7660d5cb221f2cd4ed9631c68b4cac63b14c7b8ba031bf8e379aa97130779fbb086f0dc5d9b8e255116d1713345de7e9141d476ea3985649d2cb9a0fcfffb5163b8bd88cc27382dd95ab7471dcf86197d61872a1699969e431965cb621350b73c2c176f830bd0185984e6ffa076f57be2a7e98340f2638a33681b67590d7aa860f51960071d0fc03eb5c1465bca7429a9bed990ce6cd44c6c9b5f1716831ca3889652f1a4343c9960d91925dbf204dd67edf207a95efbadb5375a5a0607ec6fcb7fdef5ea77e39a9cf536f207e5f1344ac74fb56b37ce7aced1909ad6118d9aeb5172316b0728109bb3299c983fcc2b9dcd34072d45a2b0e0ab7c9528012fe328325c06f5f1a0a49b4932d482c0cbc1d1856426b8ca3b4b164b1a19cc7db577a68375ac54bac6831f9538548ba160438da345fb9b81bc33b682ca2816542a90dbcc349542bc7e73008d95e6a72e30efc3ce5f2f5b94236a922ec8cecf8f163d2e759f0e5376dc75fd81baef8d12ae75af2da27809b7549c47cee1236d5ad7cdee6e1b9d6098b1ff891bc673af05d1af7cd66c862788dd0628edf30259be8209ff345d7a195c2273521457c3bf00c571325a0ccbd64157805edbbd68d650f9a34bdb1f7826c01646caa3dc9da8ba3d5760b07539fb3593c811124a5ae9813365e6cf6d8b9e3acc5eaa364285551fccab9444eac9dd189a71439724377bb6159efd76fb7a7a56ee683a3490b0215d0e3b3ba80874b64ba029c8d5f39fac77213f5cee4f0b2273426593b3f34e066b532a5531f06c76fd42a49f86b6ce0f34a5f009f46b6924e6b38297fef83e6e90d02b1cc2fc029dba9e18668d5d30008da78cc0c11fa77ae677cccbcfeaf67bbdc13d45e43078f83836f21bf567a5c51fa08a7cdfdabac4cc3996a5cb2ea33fc5b82ca980dab080a6d7d4382b799d7c0e2e06a60823afff0867ca311b629d0093e744e29ec6f04cf6975a6d4333e37ebd879bad1ada2bfa994647819775b032daa4d7c36df08aacef0a05a04c970b3f73c0aa1a2d7fffe2b0fff8a4cfff89b5a6b4b509c4118d167920113d02069e75fb83aceffd632298c4470c9eeddaae2732daaae31fa7ec93bc7375d8d98a2a628a60ab9acde3fd4022661c5ffe3000d083a00dc189189792d2abb077f4fa517c6f9a27e91fa0cc878d3e0de090730fcf1f6b8b058392060f5e4a2f5f01fb3b705c0835091d2378fbf64834b11513210b545dcfa2ee7e8c4ed3eeae2592c29017a0abd2f1c1bc54f935999e23c8b41321b23585c145ca51c9b93dbba143b4d8e17b3497c4ca0e4e587de3547af62c5372d7f6969c5d7dde3158a9a0292c6ca20b72b239abf1890239e51a95863543f5d5fc8bafa86159fe8e5d9c599a86f86781d09f66ca6d5883751b5517ed2268a42f8c80be46e0a01dd202ab1509190a6a25586c71e7e609e89262b1662e28ee2dfda5ff2dadbc919305da0fa6711afa26b14ccc470d992f29afc63bd514e929b40dd850e0632a352b6d18ee91a2d07aed7792ab4e5dc89e0f8be781a88776c547fbe4928c60c4ce005268a216eb182b6b6f5908b3b9296a37b0e5fbcb8b66a5682795cd04a3e6c11a73be4081c9f147b0839fb4ecc19bd41b283dc233163e737cd388a61bff04e533999225d1a395287a813c5dff9bba5ae3235266e9562ee88707a1985ae746c5b1d57c9cba7d4d3ce176fa938baaa035232cc4e0d2e509e1f723f7e2c74fa814aca566d2e5daa3211424c90b27f4a2e5aa75c5bc6efa0ccf6708fbec2a5ae7025bda6abccb93022b15cdb6dfdb06f5a3ad7a0056b2be8907340696046534392d7142304e899ce2b7acfe44b7c3711af431361c2288306d72333c7e42485983acbda3f1a4181625054a9da796f2288598b25b4fa32e621c5952b547340c5ea5cbf7c53ec399748bd20f99c8eaf857ea0915181b2337c481b6115956ebc363cbd449fb73141793b5536c41d82d64e6801be8c1f7cc6d9b7cf08bb308cd037aace3b9fd9aed8b464eca150ec621b1720028cf8dd311ee25996b2f51e9dbb3fb599387f4aa924498dc40eacfd9890a2e0df1c9419088813f517518fc5248853e88eb83952faaa23674aab43afb14f15d0d0ba902ca4487a5dcaa251604ab57e0e50314dd80d8134da8e3b093b89d5938a61193c69551c80af3b7d2e08d38ad162978c35e29c7015787cd805c67374fa2cb42482624ee68c50adb60faec7c5b38a4fa4b7c74655a5ce319efb0dcf1ae4bda45b476d3e07b2877a130296753fd99087b334894b8a2d3e3dba67ba1e4c317ec360fa28478e72b58d2d54a29c4203310a82f8f41a833b50ba8a3779fb3ec7625ecdd18ced57aae1e99b8daa8045896e7af1d86a97bd3041e2b262d6dcfe6c69e7510d2b754a84c0b11663175b49a0c0c88853bc05852403f93e67ae6d0e9988a5d50654d2e194e4211ed33b72519d8f74478d54d4f059130ffbe9da31299f617aade2a40150b339bbe992c3a7fa09e5d8a8ee7bb72f70ee083b238df81034e7e0eaa7a88c1cf7e18302608cce1cd04e93ca0a50e35d2219962c78c64d3c8694a4f8079cdfce1014645ed03e79ebd7bf3c4773f3dbb2f0bfb6fea0dec163210aae1720fde6d39af5217b1ee5bb0962e224ad9b44392b8c62c0b6fe1f63ea0648769f5dbe107bce349eee3f7803dd5e75dc45cbdf0cb7943121ebbeaf32548c9e780cec06d7150ece395718b52a18860afd22fccaf3b6f2713c5d99c44170fc1f8d65d38a9ed4dda9807d281dcd64fdd5060ad9a2021b058130fb7e67d000000045584946ba00000045786966000049492a000800000006001201030001000000010000001a01050001000000560000001b010500010000005e0000002801030001000000020000001302030001000000010000006987040001000000660000000000000049190100e803000049190100e8030000060000900700040000003032313001910700040000000102030000a00700040000003031303001a0030001000000ffff000002a0040001000000e001000003a0040001000000e001000000000000, 5);
INSERT INTO `products` (`productId`, `productName`, `productBrand`, `productCurrentPrice`, `productLastPrice`, `productImage`, `productRating`) VALUES
(9, 'GYM BANDITS 10Kg Home Gym Combo, Home Gym Set , 3Ft Straight Rod + One Pair Dumbbell Rods Gym & Fitness Kit', 'GYM BANDITS', 1499, 2199, 0x52494646fa3d00005745425056503820ee3d0000b00d019d012a4c01a0013e9d429c4a292523a227338dc1201389676ed3732ab10ce49b8727c1fdd0a395b713cc07446de7df400e991c842f3fff67fc96f781f2ffd93fd87f86f217ca97ba3dd4f8a0fd532d7f07e08fd6afe07f93f6a3fcd7fe6ff53fb85e7bfc58ff6bd42ff36fe7ffe93fb6feed7a1aee51b55e823ef1fd7bfe37f85fdebff39f20df93e6dff03fe77fedfb817eb67fd1f2d4f102fc9ffcff602fe85fdcbff67f97f788ff17ffb7fb6f491f567ff4ff63f037faf7e9c7ffffdd17ef17ffff760fdbafffe8cafbb811caa937ba0422cc422733fa9257e4d00c5e4d00c555f1a2dbd6b42cdd210c7473e7b26ac8f2ba2a9c6c4fa04b3d4f08cd34f04b2335722fae615716e20472595795c54f86c88cc34d54fd03a5ad259793e5e4814e3db9cba738659c0d65dbe8127d1a3e77f0d1d6826610bec10fd07fab44b33ac792f50a6dc449d0b65254b7322c77e008fce6f656c8448bc8ece7221c62c2acec7d768531320dbd51a4b93f619a99b99349186e2f022c96b090d41b27e2e2ecbf768eb72a8d8c4ea8b5404234a33a26595de4ed9451faec6d87af5bebc30b8e80334f570c155be00bb4567713f977591ec602bc2460bb574639bd233918031793403177eaedc91db5de0c00f21f1d618d902cbd9dd7f41d61e02051fcb1008d999a208d0fbc64b0d56875ba2ef07fb6f874e445de0ff6e31251a88c09087eb338054f5b43f397d2d48707283f27f3c80b88a3a07c8bad1badda2245e28d115503003b71f354bce717f8ecbcbce3af97d057fe1b8909728347cf02d43e101cc2d66819a96786cd8fc2d1973cf5cb5dc46207e2e44513e104209320e06ba0190ddf32a5feed4a9ed31614a12c102650039f9998b90cabff3ad0bbf44f76ed674d11e6b13f06888d9c7df40ad19944573363f68995ddad6a651f140fa4618975a10521e3b8cc293ba9b30396a1e041f605c9150abd812267d51c2caae74137640e7e7b3821345bda2557d38786682c93fe500a2369ce13f432df6afc09fef81a50cc57149a0d2ba7352eb3b8b067d1540669792f9f02bff42213b1f44073fc4f0170158395e50d7ee46f0c6516421598e55277b518f41b331ecb7ea461890d3eb6e33f502c5ecba5723ed58f83e54a072dc8719fd36bb3acff53e53edb1316b7520e21638ec5e89077dbe2f38281cdf4738603c85ed42237285093d269c7fca48771c8ee311c4140434d58290851d07ee265f38c4f69f922c2771647dce705ffffd70f0dfb791cefd27f3566b27be3f7f3d1b25cab4f75aa73fde5210abdf5fac7ac4363a8f24f99f8931dea8ed02ab603fa3cfdfe58d6a8994c2f08257e1e4af605bdde28c278b2c51e2c95a3a36a55aaa30007122ba2543cf75eb53a15fc032f045d0e2847b48bab0cf493f227cff5162c4b293b9e46fb909a0a7c34481961442be74788e82c33f72ffdbc3ae3dad3b6b00b58cfff2ee489b765fe7e968642c63095572d10760b4e7e0991f864ff5d83e6049c8a0fc291d748c5effd7703e51d7ab5e8e64695362a17100c8ae76b0841ffc57f109a72ec8b1bc05692181feb91d1561042e0656751827e4f86e96625b21d47c9234ddb6580f567cf3049020fe64c37575e313ee275e9bbf9ab711cfd658d2fb1422ec4d534ad5619656f5d3dfc3baa8904b4d8234edcd75846745a9779fde6cce9b06dc3410bb1fd741960c339168a0657df77a71adb48ccb3634a676f0921bcb7c6f069d272e33be37921940d41b91319cb7fa8ee8d785b9ab65e9e1d0f671327f7227d36c8ac45836a5a9122fb17c1aeef7a5f8ac38550b339547217a78178e12e50c2a2bf1a47014024c21fda9d07bb997a71f003da8bf5b47718afd78b9bf3fe7344c514426c01933e779d4ec34d4e7fc7f86666a0218ce922188cf4b8060fc520265433bea4720d086c0fec59f6d74386520df17247a20ecdfc9df8623977383d25f7306d80c7d0daca671c959d17d69b31fae1fec1f8093776415f0f762bc5f3df056759c30378a6af14a986c4963eae469d92af341793e8aa2aef1c34cc1cb59c5a79231813bfa541bf0077efb877fded27fb5f7d922e2dc3fc9076a1fc0a5dddd8dcdd255ee1529c769b3646292a3ceb26cfbaf7298df4a83bbeadf59cab24ca7cc9f2a30e9d8560d202cb25465b5b74f7432a1a88fc72b055f14635c8b138e568ae7880e3492a8b6fcfc91bf7b9213f831a396751f98c85f90b2dff36c3fd2135875a0951f3b36afe5fc7d8214534787707e317842e7d9ec22bf7ae8057a528a1e8602cb9ce52b2ed1de835b48024f20c3cd14ce59f4e22f2f89ce568696335d00655d3feee1984074035d5d0b9994cda66db00b5a748f0be002d64b6dca28f9e28842500c7a8ab4fb0314707fe6eaa025651f5a29afda8032c9dd8ff1a06615038235e27776fd6feb58eda2163f325287e5493c4de87054a187bf57de703fee36c711a7b1144c87dd24f976e8e62bde3a399fe5e4dda7c4cfa95c3447ce4d2d335fdbbe7030eceaddd4c7a8d594d23d6d8d88ca4c93ba7727291b1e37b3e9c5edd4ccb2b9219d8ff3270f015986cc8de22fbfe73f525c98d69c2baafe6244fc20fe591321c01b37c3e34aca866aa34003d85f178cad4b7ad2c28b808eb3082b3c3df7ccc15bdd76cc3eaa96d2ba4841e43d3f12f4c8e84c16a57892483053f7a7d4f292664c7a5d54b66807c869f5d3f05a19956fd1cb6f6dd51dbd4db77fea1626b07f1757adf1e68762091802625f961e829b980e00fb7765ee5d532dc7121e9d1cf3644120eaca9c7468f30a2b30e3dc465397e2e903e67f514da733c16972693a937d74c18be681fef6a9b5d36d1892f2bac19e20c545e1ca3d0dea57048360be2d217e95bd9b59eb3934bb67a4788859118cb36a4634df93c16b6ed05e986d89c332533b834bfa0c55a8aa468b690adc2e3acc4d0cde944bf28a8ed1760244840120d1c55841527b024e427cf94fa91ac736795cfe9067facc31fa0ca03a5081f54a4a7fb1a28ed660770f1b604f3d83fdde2e614677b540000fefb0da2721c922e490a0e781f25e419818dfd38c4300b38ec253f866e903b31367af167070f7955180e4d8ed291d314b66e5ff532a89f70d8d5fa2db49517b8059caaf68fa7f14396b18cab3909acfcee1aa2df2cb5e4c36a1d546a814321b2f1b1977640402a3ff37303cd43931d416ed394963a5ac91e85bee55021b7c5304331cd90441c4dc144d68487212a402afbd598377cf7db66ba6788356997bc810e913ae834d11bf5ece63b388d5421d28e68c36cdd01fd3585f8bc6344d66a035c7c0100654f242dff7b836cd29abba7897238687b0decd9345bc3d399bece2eb87045b4c55dc38f334fbccb71bb862f966004442ce575ad8f2fa1e9ed9743a8d31f0a7796917895c49eee8e06773d3cf2eb25c84e8b3d43de17522c689fe40c10715f28b75f036e45e8b6e5b1533db90f49ecaccc86baf30440df01628e69c3b28d08eea6d4a56bf7178f60d3ef9ba478f8195370ac08620bc1f1a0f1fdabdfcd885f80a74e1dd2f0935847600229a79aa81319be0fea7a9d0cd85e6d7163e09367b8fdff4ea357a97ab933b4260651141335876f17c2968a0df9ea51fa0a33d33d7ba0f8f0f6756d8fc75061a2361de3c732f043ec505bc01bed64d40a221583b51d08d3d6dce8e227f39510b94535c178a2bb577316989322cefc673fa95889fbd137dfe5e6459f5112b57afc181cdb1b4e9d97e0b8645dfd0dd0073de049ac6e0f3583723598ca1b8623376f9a8807465dedaff9547e4869d531c20355e97cebacc1cc5ecde55e8dd0d0d669f260a1f4176be2b2a75e14c74ae3e56132a2dfb812d124b7db184279113ee08b2388a4b0966dcc8471e7c6c1b6c36f4638dfbaf377e9e4554bb85770589cfe6ba97d7e68dee7d523e7398011d78f3c28b67f1c9f065e666ce857cdb87e8816801d1f7cac3700aa69f01c7f7091694b8f04b969ec105c7016be8e879ace033d3623b1934330b6675a2d05a6581b2b2df29f8b9536ed85353f0bf20a7e9b3dca4dcea324995df8664f41159c9957a656bf16a034eee3558ca4f431a0e11fc64fdde135b91fc222fabb4d47c9d9bf423363a3e0cb9ee5f3769ff9839d7da6ee8b97788d444e080d469c2a1ad874f48c95b054d278c91a48a7149f94f91d87191c9b280b2a6c285c30d606a3f587790aa762499dbd362f0906f8b693d58227e4bf91be7ef592b641f554d76fca56f69dad5c2acd79c952940763b776781bd2339c49ae18de289596c2e412d6bb66f331239d71f6e03756e383a00d87e2c837d290353fd57d31ddc72c6253c6b4e4cb00eef7ccc34fa7d592fb9fd09dbdc64d17f7380fa9815fb04a7afa5d38dee3553f60d98bcb19cd09f865f81457aaeb30ebdc9a8750b205acb616812b127d9887c1d20e7c7c771a367747745edbfe8a84cbd0593075876e2bd0fbe22b534cd5d4ec2a9ca6ff4fffda7fd4b8079bc1885b0cffb8090d40e88139ffe2f8a0760ca146188d4b60f786fad89bb6f22dff654506e8e5126e18ef585a7a4e1827e1b3ac5e2c2ed7c116527be1c1a624f887b4d46f2bccb920109d3ddb40281ebfb1e6c4843c9361f8ffa2b3b54849a19b0d908156ad45fe9eb2b293b8f4dd6d855d48e3dcea0bf447a0aec43bdd833cfc782982cb4ebd099321f2be227e22300084bff965c2a113f8069fe1b52de1f18eaff1bac229c26d3c8f3ea83f04fea94ee54080ef3e32555f21ccd1cb6ae6fe83ffbffab414a094ef9b9e768e04a28edae5e841538811196ee2edef4d41a922240185fa36f6d4f6a238272ddcb1f4190adf2d63deeff58f7fd9bf7caaa8a1e3b383d34d622559e847f14e6a51edb686cd9492982a1b0bfc4f427dde75f5827af27f93880d584c8d8a7155a6cb58f58f90722d4e31a367290096d26e56eca6b8a5a756560b7ab252e12327141a0df3e7f35089038d8fa20dc5b08611bca7fe75100bcdd62f355c045b6ab2f064f5b1d9cda950864815f8f7b49e61d88ee60a910950a2744e318bb1133f7827cccf99cf7aeefcd5670db8d34ff972dead731d3ffcb7c15c9e703f884357d0879ea9cd110d276795534e760022cac6676a7f39f1dd359b0ee94ec6c6f2b91a27fd4f7086a25133f50b47ff6b7da7f3db865037366096728458c73448a41534a41d56f443b6c5eee7e00aca73124259344aabf4816c1acda4ea923cf468efd58a1211c93a10b70cae0087cb76dd9bc6adc983e96bbf006186573ab698053c4ba6f0790f64b523eff7333bb47bf24f76549c02c65c6c1cfe2e9b14dadcb871757c0304c968630fe69f16141c2546a4256840b25f997366dbad3d0924a724de77a5c210d3a83b08000657479abe00d34161647f6711703918e6fd758dc1c3e79cffd46c0feee41a299ef659282a03c26e0664e88ff68bf74b8467ea1b8e363b59ba119f8676393c395b99abcd017df458499a6f5e5f07f7512bca54e58d336c2f91c496b2afaf1d7c2296b045ead068a26389b2598bf7eb5f3d30c5b57b542abf151759083af2e913d1c34c1039edf97b34d6826735e52eb2c93260ce9e275fff927b4d520d1674d7de84e02fb10a1ccb42a63696090813f7160d494692e3879897a34b0d3908acd1e251c6022ca8c49d1d136608504cb2676681244a077118d5b0e1cf13eade6b8786bffd9eb60ac08009ccb10d391b6bfd1360adcc0f8d57dc2b651ce7fd9b1b0c3b6a7ffbb7606f8518b5b63a9890172b5fb2371ae69c2865db469b50fd61a79137f7fb8c845d28410e7fc5133c03057f053ffced48324452dbbc3478caf052762185e82e41e184ed9b234e1ea46de8e03d6be213059bc5199393f3ce99f6aaad0919169dedd19195652a935e65702ab4bf279f5b06fcdcdddb4d3ff5b926df778ed2b3c59d15bca7778302d8e634f9d86cf990e9d4af59ea18b8b31d984e37d2ddec4dd57cd1c35456a18e4033f1b03ccb64161a742612e5e6beab5833918a8a0ba1e1710fc1e7190df442ff3c1de51c7cbc8611327dc168d13c79a4b06382abd0b7e23d55407c1273b24a17dedd8ea527a38a9040ceccca7b5bc86f8778365b1ae53e0cae68bea05a971361154bd842f06e4ea706f2b320325e6a58e751e3000351c34a4bcd1b2a6d686e21430d038aefca8d16a085299cfe134298c838c891540bdb3f68b97b691fd8768ad5298a02584765a7827ce06bda9d26e554310a2724480949377f75a55e49ad897897c6d1698f6b30c869c75e79f802941c6b944318ded92d60c75740e02ae9be1f7a6a4bcb6a48334ffc5f8c62108306c4c37759de85bef8bfce6fe59a1c16950dc71da80ceccd96bb1e2f74b197aa0670283e8a39bcc4a0161e083d00b12d9d4a09b703a60829faea9d87ac9154ab922e02a7d2fd5f2ebec76b8e2d27ad846ed7ce82a3c26c5e10912116b4bc93b9e1fff7a9b6bacd501f72137ccd7d7082fc82d247fefa429dd1eec500bb4328056da9150146a1bf14faf9d0d90a3a9ba8d6d8567508b5a198ca0e77ef23c719874b8c24da58cdc7f43c7c34776c6b63d401b74c4db689e0985614162b1b30fc9a88c36898e233b17d8c63092f2c65965ce27e8df87af0d4a8d6470bb6e5119ffe00f2005cfd0a548ba6ad7d1094c61e90183ebd517e5a5c47dca242ff597c8c752f53844c5cebf7c771c911c8ae023d126b7709342df9488af7ba21652f4440ee9f115a6a149f7c540570ceac127872965a0966c30af0f1cbf052d0902663a45fafce7eefc1179df7399cf14596573a483566bd8804aba5efd5cdbc3b572bd307e3834b3d2a76cea8cb1b188073fd8b1b10cb7beb3550e66420020599156a903074066cbd54185828a73551171f7adc9569101747824f67afe25b8442f327bd3f7b75623c4fb2a5f5d379556d151aa3024b0cb540382a4605039bc4f85e88d61dda1754474b87cddbe25a693245fd6de1ceff537219b2e249a6775aa042ef31f0f29070d23239c9eea8eaa97099c47dafff89ec108682d211317b8eb2c98b011be271f90193a7c6f302d807dbb0c920efa0f085c3084043d7bf4ac752ba6abb71fce7d8b0c989189f355a3ee25a87f9b2f2dcc606d652f4b244515d75f5fc7faca2fa726330d207353380f94fee96c4c28acd02376eb4ed615284de50cc843962bd3ec5ead958d273c9ca3a4ebef9c5d0935631f13cce99a6d4eb23b982066ce635b1e7ca0d235ff35e41151064adecc3ea0689a13b8a6f003877a4b9e4301cc86731ce18bbcb577cc4e2dc549a5343f0ebbf91abe959b6ed41dba34a07b1f56ca82529c93498e216ecda13d6d29c5eb734deef574d1472f7467da4b7e7f25ff00512e323bf21187a1abeaae0a64a6425a2993656f11222a9bea10c3d9274eaa3566458faeaa215c428e2ad81e6e1337fbb9b369f310a949c0475ca0946a8e2d13cdc11acccbece0a5f5ae5658c6e3f3cacf5d071bb853f6b189538212954bbccaf39a79f9c02fcdc24642600ee42b131d3fcad68c0cc43beefff9af6124635a77df606791a1a630cafffb8115b7981d5e4d579daf6dc4879dccba94d2887ea5db8e8d95401c6ec99bb83f451b7e8e462e8b28de8c4f3b2d2ceea17456e3a7a136af9fe31319ceeddbe96d62958aab30ff5de4a8fdb3f3583f85a6dd3a4ce1148cc58a0bfb91d23a68391957193d37056858570248cb3f0305ef523c6350264b4a6c86f0fb388c1d0817292be733a5b3b8e09f6161bdba19ec50a3c1716f805f415d8d1ccbd648365400168132b50156ff1d63b034b10531265e0135061109c004bbf353377905ddc045b55eec9cf10f016e30b3516f3dc52131571874074d5550f851f9c569d48d4fd718b019172c2decb8193860e3b4f15b5af98506c8c96ff3f0f53f3bf18dd0a38a480d4b729c5d837347116544fdd9c4c6ddf7fdf3dd77e14de9695fb7e6e890f45631132b4dd516ca25abfb0b13763b0bfbd3959c97d0b7a9da8248ce4b2f9c89c4268054fa9d10064db3a0612feb6a9b59ac7eee1320088d8bcea3238b9a7c8ba4f46fc8de4654eab92e6dc3d43f5c215a1a4a5acd88511dce56a0e6560a00d50f9d2d6eb479f87730589c562fc593c328265141fe454171ad96623852cb802845891a40bdba75674d008e28a9bf5ea5e291cba413609442c00c5a126b13d75022073e6629da4e0f490d907e7a8c672fd8c063b995367b28edc3a8d8132212869b656e39ed61cbad9cc055693a5a1c5b5a9f8c2fe6498166da2e1da54166b33003f31abdbdff8ece128ad895117bb4dcfa59b1f3f066550a3cbb3cbea7e3f1d651ba02b5b10d5239d6e4880ebf96d364f9c41e4c26d969a971756ee80b2efe2a5163bf8d738b5e92b8a8ccb54c89c7a03dbbf56439aedbcdd6ff4471e9c80d26e289b05bc335b1b659b12d58ca684d6bd085b33885026d9f35b3d8943b7398f7e28637e5588bf22afe81ee69c291b2f629a36b90bc9885335161123ed9c9a9e7557f619ef570862bbecf71a07570f69054d7fc83ffbe98fe70350051625ed92c8f3ac0d847f457df24debc231921f00ac16f6f33111364f6343294321723347a02ad39b17655812349f383c2c5c817d1d438a654af5bbfafacbfbf1fa740f0329b7afe5faddca687d272ab55e1ff5eb769cf9eb3d19b6ed4a346a13b79864512ea1f2924a7cebebe3cd8c3c4c24b568ef0fb2c42bb5ebf836ce5ddb8396d60c3b1d54b17063a445dc071c87e591c2202ab1c9f5a449a69474ca8f0f11377b9de69a2775d45c8c474b83da69d4db5ee60e647c8e50c9c4bd7db064b97bfdb8263bd4ca555aaef768a2d596488ab4fea34ca44591ea76bf09aba546ecbeea33fbab02c0a7f0310fe8e5fd9e21eed998d89ddd4b61ae0a57340e224b27c1298a220c0e6164705f6a4bc95952bcadf7880208fbd6aebe7a806c811626da1e2d5edfa9b7561bbdb8dfe9b89cff1a2c60ed08796937993ecf17532677e3f8ee66eb284289b861c82b91f3fba8b6ba4a18d0be8d882868dc8cae249652aefd516b802ae10d4863a27035165602f34e71120ac0d00e571e64c6150080ad6e3d1110b8c09df91c8fc37a791b1a11dabb3215aff97fe3288fabd217826b311898505069311524202cb2452bc9acfb905962e791e1be6da4060b2db4e25c3eedcac2dd519723cb1363814b0e77cf1b81ad39a13dc17680cc074619bf7a26e0ccb3235c109de3f087d5651b24d423b3d825128130c8e30bd44c6bf03aacebc66c2c04d53da3591ad7ece7a1b9c67b73fd64260b9ef2f883eb56426e169f406c20cf2550377ff0e7318d27474365973fb092e461e2d9dda8f54f9913e47573b2215cb33c1d5202361c79a38c1f239d21db9c6fa0818636e33c08acedb8d7773527df407e058d48a88aff0bffbaa772ead9fdd784bd5f3f6414314e564d303a3a84f09c5a876a21a13898f340904df93aae1fea4893c46989c61e41991c36baad086f73ace0d6d0e631cc23ceba8f294be5f1a85f44960830a43c327a3d4fea23c2e4e959bab80487632d1043c504fccf503a23dc8b7bb98d8d4cab6e46d1617875af51c4cf625d9e37f244849b77dfefb8c9366d427cd48637e999e168f6de0fa7b2a3d5fd2dc0579e88cda5ad0d56484fd6cd33e8861e8c3f06c11b5e9048e5a593aa61e6f606df79799b671200e5cddd3868f4dd34055b2d630685d1662507666f62da3349d646140f9b3a1aae2fe8d7e74a4fb843d1dd30be2cd7d91d4464068760ef7de5755f26e6a50a3fcad8788c32d4382a6e15f64078f2ae4d9781f6cbd6553497b48d5a623430e51f70ab12e51492f65113ff29f3b299aa58b2322e49931c3fabd56fdfdb0c13b6b2b8d8b1bc9ab16635db236129b70540a600b849a39b48ba06a92abdd974c8cbfffe384c2f6ed3a7fb16f01768642ceed3a3dd5131bc12cb431220b9e005d7dfa7e750c6acd3c1b6bc1576c33eda607396272659d40e9acf9d5b47e55858c30242101d76172ea677d2048cf67ef8dc40fa6bde770990e57efa00b52dba14d5588d370595c5113b95c814f6b286f849c221f4e5f21d3cc918b561e3fb55297d51799fbef7787ca41eb04e7050f943c00c383c0ec923f412570554828a8e896a0469f3a8d287aaae5fa3b94e542b86f4ce98853b27843a62f9ce779f9511f212821702311b94477ef994b252d908d629b164a2fa5f8f8093418816f9340cc8eca1d88afa6047137941e618da16d095de5e268989a15554f2d8b7b6867e861578afded771ee7649a8b3402c9ba70294614364c0b3b1c2edcf464846abb4f69a0fa4efe3f3f61df3f16b7ded5cc385aa419fd2899b45f960e6bd447cf17f89782ad14a7d3cec5729cd984f819b9021a47b0af6af9bbf2edf33ebb8f2d43f9688419e5a567bc78d2760e6abc659735821a45aa075c6c02171171a2f861b71c382e2e9f5dd48806b6b9f426d628ca84e579e53db7a7c7dc1f7d00b8836a1a3d3ca0cabd6065962cd00a8e8c93de4501f61eaabba241e1d6198e5eee68991dc5b4a7f5da08b804693f894e4703842246824acbcfadee04e6c8fc00490a4d989070231df0e5017cda8db4d3720ee635eca55228b8764dc899602966241b75b83eb1697b8fa15fca94132389da33cbc1aa9ae7742ffd79ffb7a08f304d1cbbfb7f9cc718c8c3e4f45151b06f084523bcaf304bea5d8655acf82c74a70bcb4856783f34d8f8c2af5550572e82db562407fbd3957080df703eaa52274b8fb5223968c6be1807f1d62ef458ee5aee919eb8777221d0375ed36e7a31999e604595b3f87096b5860abe76427b6da827785f3b1d984486a7ee88549b4c32b8660c8206f255e70192c93f8f732fab9c02e545635a1fe66feb3d83a6e4fe0e461d2f73d0e233dd85f112e1efb05af4edf019049dd72902754dd20d1a8a2035c5421bd635ba2ed38d07a7fe924c4571296fb9a0bc1b0eb7c6c1e33f95a84cf570f59dd22aad1ab00c5a32cf8b448cd8bd65c7ba04bd0d4d65cb890581e51697841d448b2ddff5e14a612979453e1411343d662e33c54ee7385cfed7723748e7784995eabc384af5d8bc04dc2276ac4530fa6ef1f75b70381797a277b244e7cee50c58ef1e61fb772ad59b56f00bed2ea1965fbe97167e9f6665db2d88b3f327de11d8f8c88ee2439aacf896c9c050839c4d070ed3e8a07af482b5d7ff19aa386ac47d06e982c4a00566ff2e9a48dc2a2fe56fc2897b69ec7b0fb4e2cb178dac26211a41e6ef6b16c772f6ac4d52ae41e9653200397b402edfdb9f06b709150448d094ecbd37dd515a8784009fa841a41616075e03b4ad36199a7daaf6aaaaf49511dac3a1fa85e54d0b8f9c92c84fe8aaa5c8a148f09de57d37d1f106d2cabdf8e7d2982fcf6bf9807276da2ecb077d62a53223056837af5c8e7d9017d0403e40e1e403ea5623d5c38c93c3d31b303fc05a14e7dcd73a809e2dd3f0eb3055b0cf9ca082200ea86643831e1cb36090457b9906040c3db772f0649128ead879d28a639474b4ca0f0457d1bce7c386142f345ee366f61becad98249c3ee1c82262c12421e012cd2ad86a042af5cdd2d659d01b73d13aef49a5691dd00cecb14b88bf519431f6cb26d337875c27e022c6d4a4d9f690fc29308602553d3b9eb60a0ee2ba0ebe35943a6585734f9c204971121d0fd71a733017047a2317a9959c45d1bd8ff14c4eff8d8252bd94e781c6cfe3201f34ad3c02c0ea2d5e6ff76779bd65e4ca9cc7c6399a4984ebee140a9e24326bc09a2c34771e71deb29d7afdad48ffadb68465b84b3e1477f36c7c18f5339b2cbfd88dc28059acfe33ab1996500f91c9e210c2559213af4cf25f696b29567ba2174203a4a057aedb44b5bfb075102b97a16bef9db43660f10c743cc32331010a65e9ee4c3c36bc33cb79d8e3268cbd47b8a082acfd310d4b114de3f7ae6998135a7128cec1325db622b0feae4cae98f6805bd7b3efce6ef544f5d3da4ccbcb87bb0d9616a8afaf2c38d003c8abbc2f4564fe9787d5ce5031c2f6fcc1d12fd35bf043adb83edec69c5cc2968e2dd0a12fcd80687818c78ee0c12c32f1fceeb3b0f76c99b1f9602932547a517cbbaa2b92edaaba1562a902b002935150357d8f110ca1e6b4b2e037e087b8d04aefe8b19941991acc1e48bc43ad60052db5d5dbed5d09226b8c7a442299447e7e991fd2c18da807803da44f2bd5f7281eb94fbab9c20380c8781343f1fe839af715b984d42225da38e815110efc4104277ac6b366f86df8fbe687401513a621810dffb71e55db28ae147a947ad48871b427cbbde073c031a7a5f5868a9d1008de5af964023c8ef3a7f39a2eeaaf5ffeb620562aab73e4629196f328e8f376e613806c99d174d4fe6d42e438ff79faa53ed98996d2caa63616c9bc4c677edb986a4bd4c9119c30393ca0f53fc0bc052822c3b6c705b59e1d3a2f73e5614d4b3f29720efeed2d3caff62a16cd543c883df03091400c9ae8f5d46807c3c97b6ebffab5c02211df205914a0f761fdcdc5f98f5277e78cbf7417db19626b0e14c6e9bb0037655a1c2de74d5c825b1fb8ae694bbae38b6f4ec7be78503e2f63d3c8008a530ce14910fc21a5858505c4d98a81b9cc23e3843052b1fb6e2ca7644da5ce9ffd48e3a8cc38d75951585b8bffd68746d542450e77f7536a7eb69fc65681b9d5ff976e7f0ec59c79dc2874be37dbc6d23f8e1cddf3c60b3842a4570d3ca4a9488f40b5fba885997848946ff1dc2a7c65d56befa215521528e18b90c2a155f39dd67ea139371dbd58815c45ebd874aef68fb513ce12f8e274bd1651ad313edcbb181605d2932b8a3000264bf878c6a56f56139b9af601e294502384e0e38a56932e5b52a7ffa79fa93071e21b0dac5991f5d866fe55ccd21674c499cf1e563fdfcd9c7c410949333db8b031c96cbcc65680fbdcb3d4c5978c544ed7591c4ce2586861584d0e8e78856e207e2ce5715b4d17432af36a42dbe4b45514378dc91e6584a63fd7ba36386d112c7466824b45aea7cb976a212a2c2e700a91af5469c955350c9a840dae6228bc7442cc6adccb32bba142a7a6786aaf79b1dc2ed20b2db3a5181272c072cffcea65ed7c0a0fba394dfac533410ed0b6d7ea96bdbed77a9f29e2cb74d409eaaed0edcc6108458aaeaf697ac9dd8a8f35c0be590a5ce86d464d42a509e10123ba71df8033d58fd63f52f886e49d3f4abd646032b71b02a707edf0aac35e18293fd504aa144f4e7e53ac4fc929aa6afe867efacab6392bc6a6e28190a4d6cc4a2b024354d298d2c39890c815d12be68e81d43be4de6f8be6289d8ca5c235a66028b5eace2e4647100325b77d5851daa64e0e68f4ab00199da1ffacaf601795a46a27617b842fa356fad57124fcc1575eaea4fc819a7a4752c88516b04f0f9a88f3142c88d69849c9afc3c228729ea0ab1454a7b31d965fb1c2264504b29b4c21bdf93387a4db5804c9cf36f0e2928fff8bca02ee362b4a61146ba4cafbf430e0a2ac1e36f1181f42f3d9a542974792e41ddd67843137bd040514bc75196711b41227c90add5ce3211b0be7da5f669ef22281048061efb407add241f95745a5d98bbd4cc14a098ceb1ff8358d1436d96139e9061d6e6fc837a2d15fb7e1213cab6f37b7b81b1ea211b9b72bdbcc70797a0b9803a6855241afbfffb4c71ea5598fe4dfb0c4ffe2243bc92d8a07efd0dc56852dbcb599203464a4ef67586a9b7921016a94328fc512bfdb4f17fc500b9a8dbd200c5f4b2997b3a57e3475b93a0d14651e3f44f9b526bfe08533b7738803841eaeffad074237d2fc5a4c1e0e32bb04e1ad391983b4aee2d6947972a291cb08130aefa02064bc612e92bba698c833943822ea5bc5d0087cbf8c87af8f4946272619fd47dad6090fdd3d3abf5487b684c5c409c5469390468a091a3cf2b0a5e9e283467c6ff3c4540957304ad25d3c22fc6163c39e0fcf6284d3e40da0540d271fc57ec5a4608d9ba1d8de74fe9ffb9ff958363f79bdfe226133c01af1c746ec78997b5185f62d1b34664f07317fa4f3200869c6d2dbee131b262a492749889f9f1d33cbb469e78d709ec4944751a07bb05f6723f22e2eb8a1ee69aaa722b221a4b8baab06bd755ed368e7fa8d0f18fa69ee7c8c1bb50790439c490ddc25eeaec7d995dcc46351580d81fe63e661caba67687653f8e607c0725db86bb2a4c0ca39cd72ebc8d3c75f7d60c08aabf5a673753d70671f8f70e254ba8889f8368bc71833485b238fa2fcdd98390cc05579e10f0be094c13d64571aa608a09fab4a1a0b1bd9f3c7843d7912cb8578102442b7105a096d792506b1943dd88e9b35c8fd47693a8817f22d96a73f5095cee0a9d536a9cdffc77a819fe0ba74033410501e790a58bf81875e23c536a8ad993141d89affe5975a7cc11ea260b9b85f07935e87803c4f124495404392c968a4ff6fad36a85e0df1403ffef9b038f3a1a9e220e704f79435700a31bf5e6e0823cc3303d0db3c1aa01e1b48ab68f344aa5ae6c0fcf600428dd3e8d0c803bc5b2767108f2facb13db1d7d1a5a2ab38e40f84ad90fc28f9e9fa895a4c18f9d37fecd87e4ce78ba14ffa44963295cab0ecd5324e43f87c73ca0bb3339ab32ad378e20c9ca09d243cb9b0dc099e47dcc6838f7cade687d28e7bf17ad19d6a50aa58f0ca619c56a0ba5ab62e8da14bcdd300aad439d96f30c2090e2421b5e73f9c98d7e789ddb513a3d5fee7d8a3cbe0e4a80c072eda5ce98535889a8745696ff394475cf2af44518aa56fcc0eb2890f14930b9a0663b8ee5a7c0533dbcbd343a76abf3e5f8b30b54402db546e24ef966bccc4d93d1ebb5a7e1662a6ade02738fbf132946f9c864f01af33f02f246d00f9a4bae77dd3dc1830062b3a78dd75c1021bb072bf0b5f9a85354c5dea7ba309cb0786b7556d32c8ec90b71d0978859df4add72914d66d977891cf5cd0a9ef55ece46869bf97531e739b47d331ec3269b2d720aff91d00c794ffacf502c8954af436c491c6802e84a0c73b88879d2dd798e1d62f3ad6eef61919b7bd2689cb499e9180efdcc62d5031cc848ecfd31ab41c6656780b8d0812aaf948b88b0ffd9106b21a455cfa5fff11b052da8a6ae455b213bd5b2b23eb65db7e7c3f98321af380c78e165ef113fc2605a976da8a2ce596233a059376957016648554e55b2e2ae23db04596db9b6bb06b5fd8c56c9874b161185164f35204cf7fc16badb89436760567f2d859a2c8eee59a9755b2195b906b54495a4e98187b32727d9e9ec60bfa9029d9bfbe598dbbb38b0de0ea56cf37d8b0744e724ef6eecf0b8dc958256a799ee9fbbf820d82dfd797e5e013c0abf51c5389134767b8eb3b353e1d71ef122048ae342ecb6b4cabb287a945355307d8ef52ee32d40378a77740f7c45ccf6bb3c09d416e4cd2e56ad246678d2042d8a55a975314dabc108215fece8fe516e350983405840cf804ffe1632fde465faf746249162478cba1752f382e0add2e7f23002280e5e09a0ace95a67e55fb4d3cf40460f5e39698f252c839d1f1a390c1ac85ad7da5d0f7141e7ac32d626cf1f64ea2bb6e35422abdf74ddae3419b5221150b81938c543cc63204e704a2ed0a8ebdc441d4f01651cd2dcb9e1a387a4f335715be09ef0ef645f2ace628a30ba1106937d9e977464300d07d93f80424c34e007ecbe2a98bfe617822a43b0bff6518ae117b6ba8de9e3b252bfc9756aba8f67dcb4da1ec18be6c20e031a5c8edeba9f7fb46cf164917ad07b90e66defde939de1a251e21d8d3ae3a162878ae7b2fefa664c97425139df6ebd63435ce62428249432834cb32d846bc42fe054c40311e91fbeedb84dbb829b44c6f3e30abda3772a0652f3e6c8bb7c2dd793ffd7e385100cb9c0f11a2c872226680a883d9e8f0a1e1c8021a49542d792f70e56c4893eb540b7bf75a635c46a3843952694630e2a61dc927b0cd22832ca8ef5d54b4f946f9196c625761c9fab2dd49f14bbdc4938ee7ccc48334f2792b9445152f77e6aee608c6336aa5e18b9647630f2476e9b3a37a1a51a934c73f4d0f1a9ba8f43e683a06bcb7ab97e55fdf5031a97607e5995e892369224a598aaffaf0717ee517a1f7ebcbadb192b7f8230f49a89886312bee0ec75159dd4b32b203e9171d23ae8c40ac7119bdbc9e659cad2af5ddda416cda06b0ef756dd293dcfc245465bfc1d1e6bf08bc1a314bc54c467075f0149a7d327af4190635a47c7423aba5e37f0ec2cc8c7df9073d60573246adb669366f862eff8be4f4a7437f19271bd6124f1e51721d749668851862a02f60ec58dd0ebdc75e1246d7a0738ae5d6ff1e411f3538ca4b7c5ded0507c7fe9f89967a54dfbbc1a93be25b730811f6f3e9d33190ba2b9be815a78e274279a488893b87d35af5c6f58fbef749207243f8597c6a94be5894a5da645dd72590a0bbbf2798922cd4c5af6e2777c738831a5a764272c6ad5cc6909e68d24a0e569867f1a07853542d599856c4925c448e05d66208e10914897ffefcee9d12832d083ef28266ea1e81e9c744b86e721588aa9771ec1fb1616883a1f2b6c34e0a79e78089f2ed8dc5af65d6abb0a896435fc43e038d543266214b1aa8dcc315930689b26c00000041a9d40ecc809885e16f5ddaddbb554ca845173b06ff27a73fa085348c6449f0abb7d817e156d7854be43f2bed7256c58864f2dcde97587adbd9d5c7050c3eb719c9da42f5aad25c65280a170c748575f41a38812b6342e0abb85cc47982361f4bf00d6bbed5898b27007b2f9ac7598a6c75aea9dbbd33b06b7b89853b671acf7475cd0f523faaa28f30272e2c08ac3b1e17153897ee03fa1a3116b61337e908ed3b450070bcd53e875ebe58665c4960971103ad6e989602ead29e1c0c2dbc66447511bb82864cca75c142c305c76d6dae87c6a1ea41537b2b401d5cadd5ea21ab6340916ae055cd55285a9af1ec276cc1f16f3085b1848664710c5dc6502894a2b93e3f5eee05ebd73d8bc7393af38a1a5aae3b755be1dec347034b089f4af92926953499379772482d34ebcf0f3d5ce74112cbd36c981032460431bbae9f20031600cfdc91cfdb82476882a5d99103944d07d7ca67cae9938b172004fafce8e82dae4c23076aa7ce71a15375a77ca6a35bbca80a5afe678b6757b580c68985e1576f42393a4e343cc61a3367d80ca603f91d7be1f3f41447c6e26e87ad40bc7a6f13b154660881760de5597df95f8caa84fe8aec7caace48ddafb08fbb0609f2cb61a049424c0bfc09d9c0f824aa5972c5148b420699e9f7af994690cd9188ba3f677e15d2f8a2fe4a70376ba7a0922797fa50851f478b42388905f2980c5e769699808b46a1ea86a062889a6fa072263994c6caf64f2b3a0b80e5c76e16a7ac5db7bface9618adbdf5c3e44e2e247fb2408e22384e3327c87268963603c3c1c3311bcc6da3aebbc469ac641303d43a71a6637088a2d269112d3a928992aaea381cef1eca5f1b62b691014fcd0f95320627c1eb46a390aae125aa7bec7ed317ac4652be045333d0f88a901404beeb29fadcb31c3857b87e53a7776a37f84d550fff326a5203d3c7ed4e612a0f3c3d873098299c2ffbb306d72bc2b69ed27ec8e547e82fed5a85bb11810752d654eebffa04a81d272ad5f0fd158fb4845831bf5e3c4750bc61fc77464c87efe7eb23ce7ac7b490050999e347675181843a29ae701a858c7a355c4a49bd3d539ed7e40a7cfc85c2830d739f7951dc8f6b4967bbf34669dbcb486fb02daef09779be50310500b2a5bd062e0022d61ded15ff35cd07732a1bc73582387cfcb4162c436f9cc9b2d3cfd87eeabbffd89025ec57ae7d774a0b3bbbee8dde775c46c2791046f09cd90810f2b8b5ab460c48d28a5adf7e5a02c5417791c4c7e9f9822c979c79de02079829325b19e3aee920d2af4be34fd407ca82c1084c73936910ad3c0a4e97b396d947323bb27fc06cd811a7194c05563564415766d1e8b501219acbfcb640997629747c84fd8b9565cbdff32bf3085404e120f851f7e2404d2c04e67a22717e9a6b13954310fcc7ed58c05845bb7174c5190c89f53d0e9a5e0b958701376dc08ab42f5d94f36114e5fc14a5c9ae5a316000163238618bb4727cd1560f7f85895677195b086caf0571e2c8ad7e4eca193a6352166355b0e35c5c5f007f5046af7c7056dec4feb4ddda5447d0b671e9ef5b0a874a4e8217dac43393253a9cb5227978c45add159b3c58e1ce4915c9a4b837f27bb8c84d705a00dcf8e6de7a07398204bdcee2bb9834507a27fa8d2dc503d30ca16b75a8c1f0aa9accbd6fcc7542170969903c754867efefd1097c8e475e841821e4f25264a50ca8e25b071764cfaaba01ed120285902d31c344d5a98a6932b558c9f1b2f241375b98e0c8a804d4e6a19a7e00da38d229115fabda78c064cd11e3192b762b77abac608832f676ecc3a5f89882b6adda0e4560064b411444a947b7174502b9a432197e1834ef42ecfd5b9da69b68b59714bba026b25f51deff23a0fe3788b80c7757a33f9bcd4cc479aafdeb8b82fe4a5f3d03119d0a5fb8a3115698a9a90e20bf3b4a12769c80fc62bff0c6606287ef54e2cb09bb9134c19a9633ebccf47109728fdc1a01549b375988ee9ad554f75272dbd8ee127138d4fb72dfcff7fba0ef7c593d60811c465da7d4e8843c3dfc856edb16c655c04b06da3af14124b80102b7d2d64433ec5e1241bcb55d355df5b4cce03ff9a015f9aa4eb80d27ac9e33c8e3c0d14f15540a39fb8151af0373c9cb3ac781edebca1b517fe360cb52f52cb962dde2269951392ccc152f7101a05802986a591f78a33966e7af46e69d74b6e7937341351ea830ccbebfacf592074ff4446025cf7d0abda046086332e912b0367d14431aa4a738d40b94f2ca74a35245463b6f96029a2aa3bf34cac19fed965cec2aeb6a725f723238a0c4d8f1246b6f5efdeee2c426172530631f1b7c27c47e00bdd45f5516b2a718ea9ec5645759091563293078293155b3e7a56d8b895ed1ea71629cf88d540f4cda3f8887696a3e04e9f6c2e2bdb2e6445fbb556070370a69e7eb604a5fb03dcb07aaf5d9c5215e8c19d2bf24c938ad4ae0ddd461c024096f6aecbb673096d432778adb36e832a1a254e553d853db7d3648ad92d3c607f3b5f9981409c041d01931a3030f65106a3fc2a6a8934e14a641eb1c4e0e9a1a2b6bb1161e7c4761e3e28cb831e6ffa567fea92c4506e0d1ced109348c833bba30746445b57e65474d9eee55556a45aa2bc500a15b3720f032f81b22225a8aa2e73641b7d5c03c7cc432f6a4043318228a7068a43eae7e044e43beee260807dff5c6a73a4ae0cbc0c525814cda26fec3ceea1474a958bc41adf9dcfb6c81c14bc142178e0ce391204d9cf1f16ef3d50fcb6ff626970f10a0b46750f837802f27066861ae08f759dd07480043c659bf2fd8b2516759d165908ea01286eb6887dcc12e31fa4e790a3d383be5fa6ae2dd9e89091413bdc3c23dd65c8456abe6ba47cb557eebb849919731e366bba5a8f58d59cff894ad6a6cbc501a29931849b438b6438e000b3d653b2e9945574597791d79fd8266b26587a50a82139ae366a1fb73f99209d5df36225c7ddbfd22fc0949432c64bc248fad82b050966ea292b7fa90243d250ea1296545420520f0912e8c5375f92f94c1488ad8956c6fd826db038083dd593fd279eb49f500c63aa1fee96d9adb6ee212925bed6d2b1c931066668612a69effe7dff456daca24afda7a4138ef91865ac063036946d2b995a9b37eaeaa34e89fab9c1b30d7c40af2a042971372ed8d93c3689d4303990cd4693573ce1027c3e2ed3c6625a2504a953028218d2ad4ed2a18bfb43b5e9ee359904dd89eaa3f24dc4666c0e8f458e6300218fcf0eb0ff543e534b3386d0dd9868297253f1d45a55b8a2b464bd095ddc27926f76276cb75569a2d8c1d44f63cebd41d178c37e738b8565545f3790f290c08321fe6363fa532b60c6cde2e4e0c990c9218d0830981934a97ee9ef204ee819fe3dbba1c30d3ff6d14bfd026196f7a23d531efd23a879be3a9d49f17b6f6864b9959c5d553ea39941b14e64c9ef0c562d73d48d4f58a9e47e6dad1cec81f77875b4503dfa211f0e6b064d586878912f8904cce99519326f677c8bf435137144e026d2f464e15889e2daf7956bc21cd1a5dd6fabc96f171fa8c915c2fec748ac4a3e746f564c2a2cc904376390a16265c493b00236ef88ebde6edd289c221d88b11b101e2417030cf927da8fd46f53a28adf5f4bcecb01933984e4fae637c4976f80a7fbe1e3076ddd59cdd17bfdf85df18c3233f33131074ad2503bfe2ad0e4005f134625bcaa5bf0fb7c361086da4521905bd85aecbf217ee58f5d1fc1458478d4788a643cc68f02ca0506ad2c2c9287d536b4daeb9553e8d63064c4d616ff09152fbe96570b100832b4d691eaaa0155c1ab372d513f4bc1dc3b5b4ab50f27e41feb4b14c59f5f0bce21df318252feb0c5692ec9ec11b9c6da085b49accce1d87d2e6ff34c4c0d3a7db44d7133d3cbe764b99c6e4c85853cc9f0868e47cd9d168f335f96b7e0ff180c689b6b129c99d1d3c3719a5028b633d762e4adae7ed22c8b5606ec5af2c66be1814abdc881169bb30bed7344b9db26f454fed6260adb963289ca11a4f213617552c09d3119818dfaea664d355850f0bbaee64e1395b1067b82f1e6fa2b136d7d0d78fb1a9714eeb8b2864e88ebb34d224e6cb795cb1324125d2ea4f503feeefcb51f390d6c16cd7deae1076aba10c8b1915b0236f74c9f85235fa17b0a30023f7627a79dd8ecdf8f3f7d14913af232d87d45cbbad3a359379a3e3b7efeb49f35aa05a08859513520a40e4cc00b836a6f2d2a6f3b9bf0e75ca98214a2070134851eb66a6caa616aea01f276408a0407a030d30176cd4d95499319d6dc683af99644b792c836e03bd222e368d9fa9751072e16eebb72502f9ba47a927fc1c6cb096d2fc63bfda68dae3ad002f5e5b5f0781c12718c12f8b368fc5d17fea4ff257307aaf9c415c8ca61af5e8e3cc6adc824673def7cac15ffa94f438fd23c6ea95def7ddd1c78f65abbe315384bdc58163b4e786d3ba45a498605fbb4035429934c6ee8a26e587507496ac4b7ef7596c204a5775ef1fdbba8992f480372e4ebdc99c28cb52e969423ad3739a225c15ab37e9a190107cbf6e7a463147d9558044e666b8b728d2acb6316a6986782ee428522807deb4dd1d139650cdcbdc2b729711968ebc75c377c6cff9cc7e02bbb7a4e0aa0472e2f0eb8824d71933dee2a517bfb1c0e70489dd8d502addbfc3f52c8f9c40d991fd930d598f3ce6e634c586406b79fcb238f5def31b76e3ec3222c9078079b1b4e402c8224c0a60f07b0ed74ab947daa30500ca56cddd56923975e80e3ce553a4c12fd9753a787a925260f23e3c94ec243c1c44e87852f16c4bb1b58a38ce5ab62d0566d59e291177fbbe0d0b932a1b249485a95c7948f0912b2be08172d7c48c5cc25df6bedbff81d3768f3ad57db3bb957ca260fab48f6db6670be7199b9f7087463d6937cef12c12d72340d54536e22f285368a8be204e8877f6d9e4372a6c2ed7bc262774575b97d30a757b98170a5e3667c447129234bf8c0f4b324f5eb7738fa0443680ed657db0657cf57ab1e4cff6e98cbe7b80f7b0ddde8aee42027a1041d5289882ab0748a8698186c2f95d52b3f7f21af6a181f87ee975b2918bfe5c1fc6abc99f5b8fa3d95d02008284b0be97d9fe11c59c60af220d939011f272a26e3bc12bf197fcbb0e897cf4ea8cea024c5a7d7fa5bcffdf490475e25fcb2b113cd9bee821d7cff782152f6df9ad32525ee06c1b3e3278b745485da5846b50f207f20fe6805abeedd59bf754228ded1f2525e5bcdf322104b2a19f8606efb8510cccd2f1fb7440b3935f7b3ddc5b52bbed0c3c153a73a4af95eeddac082fa9601f59e785d1c08df4b1fd426b8d07de93d868b8ebee757ef0feeb58ee8e61cc97bcaa48181f26c9cede3fad51597910e4324e6fc8b680d91fbe50fe3e6837b44e53426dfcae87dba4e1310c97b811c26586dd7267cbea083d923b86db820b122f18b940a6d6a8d2ba8ea8abc52c6c1ccf7ef4c77239cb8792aa2ce17a6475f9cb560834a67c2d4b22dda1a36d9498a5b10cbda310053e69b60e5bb2a3cde8a62f63429564347de1d5e8aef9ea2ddedeacbbc30840a5dee6ef25f8cbfce73a5f0e4efb053d280d48fda4310f87025737ca8b96a1603b46b3f675fb8981392c30b31be37c1a925393965cc8a80709451960d4422e00346144296a00000000, 5);

-- --------------------------------------------------------

--
-- Table structure for table `userlogin`
--

CREATE TABLE `userlogin` (
  `userId` int(11) NOT NULL,
  `userName` varchar(255) NOT NULL,
  `dateOfBirth` varchar(255) NOT NULL,
  `userEmail` varchar(255) NOT NULL,
  `userPassword` varchar(255) NOT NULL,
  `repeatPassword` varchar(255) NOT NULL
) ENGINE=InnoDB DEFAULT CHARSET=utf8mb4;

--
-- Dumping data for table `userlogin`
--

INSERT INTO `userlogin` (`userId`, `userName`, `dateOfBirth`, `userEmail`, `userPassword`, `repeatPassword`) VALUES
(5, 'sunil', '20-06-2001', 'sunil@gmail.com', '$2y$10$c3Vw7xtucMvakVJKjnOtLOluDuUeergjuujvoNSMBy8YN6rLY0vvK', '$2y$10$6Qmxf8ReG2EVj7Bczbfu4e5wtXIsu6S2gM042L.a9m77p.m/io.PK'),
(6, 'ar sufiyan', '25/10/2001', 'ar@gmail.com', '$2y$10$GTR.wBcSx7gnFTVVBPk7vezDhBAVUh89cs/o8GFXS1w9ijLCYjsOK', '$2y$10$OsDgoDN8bQ4tpox59o7pDe3YnHWWnu1NvazRgFhSxwMkhqQze4/t2'),
(7, 'pruthviraj', '25/10/2001', 'ovhalpruthviraj@gmail.com', '$2y$10$AAFyLqCcvfPs1XPTsYdov.IJucORidH13AopOtyjHtFn9Q0/TFd0a', '$2y$10$3OHi.CvVTdQ54pAt9l/nz.liN9mHObYcnO7H8Ho9ti4Ejjy/zPy4.'),
(8, 'tamboli', '01/01/2001', 'tamboli@gmail.com', '$2y$10$ZzBvC6RERaRm1DaKn2lOXOfa5KGEn9LUyhET7iY9lUC.lZgpggnCm', '$2y$10$trhmcJN72/RP2yZl/FjLzeWIVapShBnP1ZCfnhOcOpy13bjE5vkP2');

-- --------------------------------------------------------

--
-- Table structure for table `wishlist`
--

CREATE TABLE `wishlist` (
  `wishlistProductId` int(11) NOT NULL,
  `userId` int(11) NOT NULL,
  `productId` int(11) NOT NULL,
  `addedOn` datetime NOT NULL
) ENGINE=InnoDB DEFAULT CHARSET=utf8mb4;

--
-- Dumping data for table `wishlist`
--

INSERT INTO `wishlist` (`wishlistProductId`, `userId`, `productId`, `addedOn`) VALUES
(18, 6, 7, '2022-05-28 08:11:39'),
(19, 8, 4, '2022-06-02 09:30:27'),
(20, 7, 1, '2022-06-03 11:31:03'),
(21, 7, 4, '2022-06-05 12:11:27');

--
-- Indexes for dumped tables
--

--
-- Indexes for table `adminlogin`
--
ALTER TABLE `adminlogin`
  ADD PRIMARY KEY (`adminId`);

--
-- Indexes for table `cart`
--
ALTER TABLE `cart`
  ADD PRIMARY KEY (`cartProductId`);

--
-- Indexes for table `messages`
--
ALTER TABLE `messages`
  ADD PRIMARY KEY (`messageId`);

--
-- Indexes for table `order`
--
ALTER TABLE `order`
  ADD PRIMARY KEY (`orderId`);

--
-- Indexes for table `orderdetails`
--
ALTER TABLE `orderdetails`
  ADD PRIMARY KEY (`orderDetailsId`);

--
-- Indexes for table `products`
--
ALTER TABLE `products`
  ADD PRIMARY KEY (`productId`);

--
-- Indexes for table `userlogin`
--
ALTER TABLE `userlogin`
  ADD PRIMARY KEY (`userId`);

--
-- Indexes for table `wishlist`
--
ALTER TABLE `wishlist`
  ADD PRIMARY KEY (`wishlistProductId`);

--
-- AUTO_INCREMENT for dumped tables
--

--
-- AUTO_INCREMENT for table `adminlogin`
--
ALTER TABLE `adminlogin`
  MODIFY `adminId` int(11) NOT NULL AUTO_INCREMENT, AUTO_INCREMENT=8;

--
-- AUTO_INCREMENT for table `cart`
--
ALTER TABLE `cart`
  MODIFY `cartProductId` int(11) NOT NULL AUTO_INCREMENT, AUTO_INCREMENT=34;

--
-- AUTO_INCREMENT for table `messages`
--
ALTER TABLE `messages`
  MODIFY `messageId` int(11) NOT NULL AUTO_INCREMENT, AUTO_INCREMENT=17;

--
-- AUTO_INCREMENT for table `order`
--
ALTER TABLE `order`
  MODIFY `orderId` int(11) NOT NULL AUTO_INCREMENT, AUTO_INCREMENT=14;

--
-- AUTO_INCREMENT for table `orderdetails`
--
ALTER TABLE `orderdetails`
  MODIFY `orderDetailsId` int(11) NOT NULL AUTO_INCREMENT, AUTO_INCREMENT=24;

--
-- AUTO_INCREMENT for table `products`
--
ALTER TABLE `products`
  MODIFY `productId` int(11) NOT NULL AUTO_INCREMENT, AUTO_INCREMENT=10;

--
-- AUTO_INCREMENT for table `userlogin`
--
ALTER TABLE `userlogin`
  MODIFY `userId` int(11) NOT NULL AUTO_INCREMENT, AUTO_INCREMENT=9;

--
-- AUTO_INCREMENT for table `wishlist`
--
ALTER TABLE `wishlist`
  MODIFY `wishlistProductId` int(11) NOT NULL AUTO_INCREMENT, AUTO_INCREMENT=22;
COMMIT;

/*!40101 SET CHARACTER_SET_CLIENT=@OLD_CHARACTER_SET_CLIENT */;
/*!40101 SET CHARACTER_SET_RESULTS=@OLD_CHARACTER_SET_RESULTS */;
/*!40101 SET COLLATION_CONNECTION=@OLD_COLLATION_CONNECTION */;
